,isa,l1_size,l2_size,num-cpus,mem_type,mem_clock,mem_size,cpu_clock,l3_size
0,-0.00030577183,-0.038895488,0.54038215,0.112731695,0.5215516,0.1578232,-0.11026096,0.055117846,-0.9983194
1,-0.0004131794,-0.038895488,0.5404451,0.11202502,0.528353,0.14925587,-0.12231445,0.054578662,-1.0087388
2,-0.0033562183,-0.038895488,0.5403578,0.11139727,0.5197736,0.1580832,-0.105406046,0.05416751,-1.0014007
3,0.0094794035,-0.038895488,0.5406463,0.9582498,1.1343539,1.1659923,0.25777638,0.04649186,0.29461205
4,-0.0022126436,-0.038895488,0.54039264,0.55692565,-0.15307415,0.15810895,0.5725583,0.21720517,0.3417976
5,-0.001836896,-0.038895488,0.54039073,-0.21915305,-0.8533703,-0.8455328,-0.115305066,-0.70073473,-1.0015798
6,0.0007869005,-0.038895488,0.5403999,-0.05296004,-0.8563509,-0.84792984,-0.11261332,0.046366096,-1.0093882
7,-0.003776908,-0.038895488,0.54030037,-0.07286847,-0.8105055,-0.7715906,-1.1184418,-1.3588729,-0.98449063
8,-0.0017267466,-0.038895488,0.5404155,-0.4066292,-0.14711356,0.16238046,-0.12125206,-0.18616247,-1.0146637
9,3.2424927e-05,-0.038895488,0.54036546,-0.051520586,-0.8497155,-0.8486171,-0.10452366,0.056602478,-1.0008485
10,-0.0018224716,-0.038895488,0.54042494,-0.06949806,-0.84690106,-0.8462659,-0.11982751,-0.10283959,-0.9953886
11,-0.0013976097,-0.038895488,0.5403595,0.073629856,0.47587132,0.1511594,-0.12356281,0.034022927,-1.0028038
12,-0.0018683672,-0.038895488,0.5404229,-0.2269193,-0.87841463,-0.86784935,-0.097557425,-0.73522496,-1.0119798
13,-0.0008229017,-0.038895488,0.5404581,-0.26264536,0.038450003,0.16716897,-0.12137067,-0.12415135,-0.99998236
14,-0.0033402443,-0.038895488,0.54033184,-0.056649208,-0.8365847,-0.814657,-1.1604874,-1.4006956,-0.9902823
15,-0.0043531656,-0.038895488,0.5404384,0.509168,0.4712391,0.5567645,0.53481936,-0.6720377,0.35773957
16,-0.00086188316,-0.038895488,0.54040825,-0.40958905,-0.14602482,0.1578263,-0.12529182,-0.17607808,-1.0097241
17,0.00086295605,-0.038895488,0.54063845,0.7272593,0.60767746,0.26260245,-0.07438338,0.23744953,0.32366276
18,-0.0015673637,-0.038895488,0.5403856,0.050447583,0.44200575,0.15323162,-0.12027526,0.026080132,-1.000665
19,-0.0018006563,-0.038895488,0.54036367,-0.05690205,-0.8631407,-0.8410541,-0.10024369,0.06750965,-1.0007613
20,-0.0011519194,-0.038895488,0.54037416,-0.4042735,-0.14628685,0.14860225,-0.117661476,-0.17755425,-0.9985001
21,-0.0015531778,-0.038895488,0.5404476,-0.23796141,-0.8824762,-0.8966316,-0.08973646,-0.72992444,-1.0219114
22,0.0058351755,-0.038895488,0.5406976,-0.048382163,1.1305559,1.1607842,0.23604965,0.61105585,-1.0230334
23,-0.0024067163,-0.038895488,0.5403403,-0.059240222,-0.8390573,-0.8336836,-1.1527696,-1.391655,-0.9964794
24,0.0016969442,-0.038895488,0.54045665,0.5996345,1.0374179,1.1058853,0.8029171,-0.7987379,0.32814133
25,-0.0020793676,-0.038895488,0.540385,-0.23620868,-0.8603617,-0.8527006,-0.10096443,-0.7499664,-1.0059919
26,-0.0035007,-0.038895488,0.54035664,-0.055317402,-0.84817064,-0.8523294,-1.1811554,-1.4178121,-1.0031629
27,-0.001623869,-0.038895488,0.5404031,-0.40111017,-0.13646662,0.15805233,-0.12302923,-0.17940664,-1.0080421
28,-0.0007991791,-0.038895488,0.54040956,0.11262798,0.5244856,0.15778017,-0.1141299,0.05346811,-1.007097
29,-0.0010296106,-0.038895488,0.54037654,-0.0576638,-0.8611995,-0.8387183,-0.11070752,0.05647552,-1.0049436
30,-0.00043463707,-0.038895488,0.54036844,-0.053471804,-0.8578749,-0.8389863,-0.09377301,0.0550462,-0.9949459
31,-0.00040996075,-0.038895488,0.5404172,0.11404812,0.52926826,0.15362465,-0.11602509,0.06426954,-1.0094566
32,6.818771e-05,-0.038895488,0.5404285,0.10543072,0.5160725,0.15691674,-0.12644112,0.047126174,-1.0053718
33,0.0021669865,-0.038895488,0.54057086,0.6486472,0.28088927,0.122084975,-0.19487274,0.5162957,0.35681653
34,-0.0014356375,-0.038895488,0.5404279,0.033663988,0.4272411,0.1620444,-0.12481272,0.017559052,-1.015939
35,-0.0014330149,-0.038895488,0.54035306,-0.37465823,-0.1103977,0.1578263,-0.112056375,-0.17129183,-0.98873687
36,0.002465248,-0.038895488,0.5404602,0.57347715,-0.11957312,0.14620316,0.5053785,0.7598455,0.304842
37,0.0074819326,-0.038895488,0.54056466,0.9116415,1.0710404,1.0507157,0.15356469,0.11522913,0.3463248
38,-0.0015944242,-0.038895488,0.54038703,-0.38912678,-0.13517714,0.14992452,-0.12389898,-0.1778338,-0.99728394
39,-0.0018903017,-0.038895488,0.5403931,-0.052132845,-0.850026,-0.861035,-0.11526954,0.046397924,-1.0026889
40,-0.00025093555,-0.038895488,0.54042876,0.11086571,0.5290824,0.15909421,-0.11211872,0.06017196,-1.007371
41,-0.0026404858,-0.038895488,0.54034936,-0.1631825,-0.8380419,-0.82243085,-0.41749656,-0.97265387,-0.98308325
42,-0.0021777153,-0.038895488,0.5403553,-0.22954082,-0.8544941,-0.8369621,-0.082304716,-0.7351519,-0.9989736
43,0.005398035,-0.038895488,0.5405042,0.9488481,1.0812323,1.105125,0.24237084,0.06737578,0.32386112
44,-0.0048208237,-0.038895488,0.54031265,-0.073866606,-0.8164035,-0.8203919,-1.1247079,-1.3841715,-0.9984759
45,-0.00362432,-0.038895488,0.5403842,-0.102644086,-0.8007996,-0.8175849,-0.7895957,-1.185684,-0.9863957
46,-0.0015740395,-0.038895488,0.54035985,-0.13535571,-0.8171774,-0.83727205,-0.52971065,-1.0111339,-0.9853468
47,-0.0017216206,-0.038895488,0.54033804,-0.3816594,-0.15222251,0.13212562,-0.10204363,-0.18771148,-0.9822743
48,-0.0039526224,-0.038895488,0.5402751,-0.09330261,-0.7576412,-0.71040714,-0.91767824,-1.2238979,-0.9756576
49,-0.0023242235,-0.038895488,0.540372,-0.05513501,-0.84407794,-0.85590506,-1.1827517,-1.4075191,-1.0088067
50,-0.0018811226,-0.038895488,0.5403799,-0.18899763,-0.8108767,-0.81814003,-0.1244812,-0.60386336,-0.9802269
51,-0.0018972158,-0.038895488,0.54040337,-0.055567145,-0.8498014,-0.841985,-0.11219525,0.054706812,-0.99892414
52,-0.0010308027,-0.038895488,0.54038525,0.09966743,0.50338566,0.15493596,-0.116711855,0.047767043,-0.999966
53,-0.002287507,-0.038895488,0.5403935,-0.05149734,-0.84670746,-0.8425572,-0.10724485,0.05344224,-0.9945471
54,-0.0017461777,-0.038895488,0.54036367,-0.38201368,-0.13152993,0.14985073,-0.11463261,-0.1705358,-0.9934628
55,-0.0035389662,-0.038895488,0.540326,-0.36143756,-0.15438724,0.1321981,-0.11221957,-0.18801367,-0.9690578
56,-0.0012921095,-0.038895488,0.54040587,-0.39862192,-0.14210701,0.15793562,-0.12277675,-0.18225586,-1.0074394
57,-0.0030448437,-0.038895488,0.54036224,-0.233127,-0.86154556,-0.84699,-0.10432184,-0.7499969,-0.9992449
58,0.0029188395,-0.038895488,0.54046404,0.915869,1.1120331,1.1377485,0.38891447,-0.035589814,0.30380416
59,-0.0018941164,-0.038895488,0.5404061,-0.1492517,-0.8452834,-0.8448781,-0.5479952,-1.0472708,-0.99786854
60,-0.002240181,-0.038895488,0.5403278,-0.078029275,-0.8127203,-0.80309105,-0.9707657,-1.2788901,-0.9801059
61,-0.0003002882,-0.038895488,0.5404184,-0.05290866,-0.86146307,-0.8562257,-0.10761297,0.055632114,-1.0092106
62,0.00024437904,-0.038895488,0.5404593,0.11183834,0.5289954,0.15602148,-0.12115276,0.05649841,-1.0161207
63,-0.0019351244,-0.038895488,0.54054,0.72619784,0.58131397,0.24419904,-0.09715831,0.28183782,0.34649384
64,-0.00055634975,-0.038895488,0.54044485,0.11235738,0.5258814,0.15547788,-0.1152904,0.05684662,-1.008887
65,0.0046497583,-0.038895488,0.5405072,-0.035638332,1.0530832,1.0871494,0.21381712,0.566502,-1.0034828
66,-0.003242731,-0.038895488,0.54036057,-0.055912852,-0.83230066,-0.8461411,-1.1840541,-1.4104562,-0.99609065
67,-0.0035524368,-0.038895488,0.5404241,-0.044640064,-0.83994126,-0.8622055,-0.11080122,0.055719852,-0.9995822
68,-0.0032382011,-0.038895488,0.5403911,-0.22475731,-0.85555136,-0.8578485,-0.10545802,-0.7327157,-1.0036852
69,-0.001475811,-0.038895488,0.5404264,-0.21625769,-0.87069213,-0.87503886,-0.10427213,-0.69421065,-1.0166507
70,-0.0018638372,-0.038895488,0.5403874,-0.23276877,-0.87276757,-0.8675569,-0.113363266,-0.76831007,-1.0056479
71,-0.0028780699,-0.038895488,0.5403713,-0.061106324,-0.85316014,-0.8535391,-1.1985435,-1.4236641,-1.0107586
72,0.00013625622,-0.038895488,0.54044795,-0.010583401,0.3731972,0.15746081,-0.120560646,-0.00011134148,-1.0085232
73,-0.00062930584,-0.038895488,0.5404395,-0.4012382,-0.141626,0.15930927,-0.1231873,-0.18033326,-1.0106153
74,-0.001342535,-0.038895488,0.540377,-0.11243081,-0.82027256,-0.82113624,-0.7108455,-1.1168697,-0.98182034
75,-0.0008074045,-0.038895488,0.5404115,0.10827482,0.5260893,0.15475547,-0.120583296,0.05323851,-1.0096078
76,-0.0028825998,-0.038895488,0.5403464,-0.247648,0.041172504,0.15176463,-0.10527718,-0.10616732,-0.98679554
77,-0.0019829273,-0.038895488,0.54045725,-0.2906679,-0.64739084,-0.51408577,-0.11723101,-0.57555115,-1.0211289
78,-0.003834486,-0.038895488,0.5403602,-0.057616353,-0.8491268,-0.839838,-1.1838229,-1.4098291,-0.99825597
79,-0.0010706186,-0.038895488,0.5403725,-0.40079868,-0.14340091,0.15229368,-0.106494546,-0.17523324,-1.0001869
80,-0.0010420084,-0.038895488,0.54035103,-0.05686128,-0.8307979,-0.8336257,-0.11494684,0.03464532,-1.0002749
81,-0.00081956387,-0.038895488,0.54041696,-0.3922118,-0.140661,0.1540575,-0.12866485,-0.17707062,-1.0059898
82,-0.0019862652,-0.038895488,0.54036415,-0.39217317,-0.13647938,0.15114689,-0.11800015,-0.17181754,-0.9974973
83,-0.0008894205,-0.038895488,0.54042065,-0.05590415,-0.8714571,-0.8616111,-0.11996901,0.046434283,-1.0106025
84,-0.0028164387,-0.038895488,0.5403867,-0.056129098,-0.8459898,-0.835407,-0.1114651,0.045704007,-0.9993199
85,-0.001541853,-0.038895488,0.54037166,-0.37675178,-0.113640785,0.1585114,-0.1145283,-0.17070293,-0.99136627
86,-0.0052700043,-0.038895488,0.5405569,0.6659874,0.29898953,0.13283074,0.114169836,0.101041555,0.36832142
87,-6.663799e-05,-0.038895488,0.5404531,-0.4048301,-0.14234734,0.15540624,-0.12297511,-0.17680192,-1.0153475
88,-0.0013742447,-0.038895488,0.5404153,-0.12387967,-0.8595047,-0.864416,-0.7093277,-1.1388667,-1.0046949
89,0.0010523796,-0.038895488,0.5403863,0.93073857,1.1075308,1.1279724,0.24966156,0.058037758,0.29058063
90,-0.002264738,-0.038895488,0.5404048,-0.19373798,-0.8548368,-0.85464,-0.2685032,-0.86464393,-0.99919415
91,-0.0009584427,-0.038895488,0.54035497,-0.050332308,-0.83856595,-0.8358855,-0.10570133,0.05106294,-0.9937552
92,-0.0009753704,-0.038895488,0.5403837,-0.39671314,-0.1380583,0.16244757,-0.11829603,-0.1802566,-1.0022371
93,0.00357759,-0.038895488,0.5405071,0.9325954,1.0306764,1.0170124,0.24165952,0.10107219,0.31964672
94,-0.0007530451,-0.038895488,0.5404453,0.30716097,0.25445044,0.475042,0.67941,-1.0000362,0.36957002
95,0.0035357475,-0.038895488,0.54050815,0.9722861,1.1410599,1.1676433,0.2453109,0.059176564,0.32300055
96,-0.0029312372,-0.038895488,0.54032564,-0.058081627,-0.8362247,-0.83126664,-1.1431217,-1.3798785,-0.99096704
97,-0.0010011196,-0.038895488,0.5404116,-0.0540725,-0.85956025,-0.8432286,-0.115558624,0.052689552,-1.0128798
98,-0.00030767918,-0.038895488,0.54042816,0.11674702,0.5286521,0.15255618,-0.119327664,0.05491817,-1.0071478
99,-0.0009406805,-0.038895488,0.54036736,0.11246395,0.5189942,0.15148163,-0.11204219,0.05748284,-0.9989723
100,-0.0031715631,-0.038895488,0.54036987,-0.0544852,-0.85476065,-0.84336495,-1.2118263,-1.4327757,-1.0081255
101,-0.0024787188,-0.038895488,0.5403627,-0.059168816,-0.854581,-0.854635,-1.2099128,-1.4285805,-1.0047076
102,-0.0011097193,-0.038895488,0.54033923,-0.06471622,-0.8498137,-0.8380401,-1.171552,-1.4109373,-1.0103223
103,-0.0013004541,-0.038895488,0.5404278,-0.39675784,-0.14530301,0.15192497,-0.11874068,-0.17861497,-1.0065818
104,-0.0035464764,-0.038895488,0.54048884,0.56090367,-0.15307927,0.1525675,0.59272516,0.25941885,0.34147167
105,0.00012922287,-0.038895488,0.5403961,0.09967053,0.5091517,0.15949476,-0.11638713,0.047537327,-0.9990982
106,0.0019104481,-0.038895488,0.54055214,0.3883115,0.979813,0.98800206,0.1651845,0.30909026,-0.51172304
107,-0.0027096272,-0.038895488,0.5404072,-0.40830374,-0.14173722,0.15988052,-0.11964774,-0.18512642,-1.0125537
108,-0.0013070107,-0.038895488,0.5404,-0.06813097,-0.86982083,-0.85197365,-0.12267506,0.0452044,-1.0158143
109,-0.00016641617,-0.038895488,0.5404031,0.107854486,0.5156113,0.15458655,-0.12565684,0.045158625,-1.0055952
110,0.00047552586,-0.038895488,0.5404339,-0.38971376,-0.1275109,0.15205538,-0.11940026,-0.1697011,-1.0066948
111,-0.00114429,-0.038895488,0.54037654,-0.07218063,-0.86066175,-0.8614942,-1.212729,-1.4221683,-1.0121026
112,0.0012042522,-0.038895488,0.5405308,0.9228085,0.9741374,0.9329028,0.23981977,0.09498668,0.3297137
113,-0.003581047,-0.038895488,0.54036856,-0.056037903,-0.8400643,-0.83725727,-1.1973085,-1.4202929,-1.0055485
114,-0.0017578602,-0.038895488,0.5404054,-0.05233562,-0.827703,-0.84209013,-0.1049242,-0.028155088,-0.98652625
115,-0.0017075539,-0.038895488,0.5403898,-0.11958623,-0.84040976,-0.85799444,-0.6724324,-1.1234639,-0.9944185
116,-0.0006687641,-0.038895488,0.5404129,0.10384953,0.51412237,0.14876091,-0.13338053,0.04569924,-1.0147088
117,-0.0014936924,-0.038895488,0.54042935,0.114381194,0.5489253,0.18170512,-0.105947375,0.08738315,-1.0059824
118,-0.0010789633,-0.038895488,0.54038095,0.05223608,0.44301414,0.15456712,-0.11322498,0.02620244,-0.9982809
119,-0.0011399984,-0.038895488,0.540395,-0.39261818,-0.14615595,0.14998662,-0.123434305,-0.18043554,-1.0039675
120,-0.0029300451,-0.038895488,0.54035366,-0.058042645,-0.8578814,-0.85329247,-1.2075229,-1.4358349,-1.0066004
121,-0.0029007196,-0.038895488,0.5403826,-0.060243845,-0.8570757,-0.86565423,-1.2158241,-1.4289536,-1.0129869
122,-0.0026079416,-0.038895488,0.5403513,-0.06016171,-0.85614693,-0.8444774,-1.1963122,-1.4208422,-1.0050488
123,-0.00041902065,-0.038895488,0.540419,0.10918689,0.5229436,0.15437579,-0.117073655,0.05838871,-1.0087245
124,-0.0014580488,-0.038895488,0.5404253,-0.40017557,-0.1388787,0.15626204,-0.12233472,-0.18126428,-1.0114453
125,-0.003257513,-0.038895488,0.54042673,-0.2769661,-0.5938468,-0.44434285,-0.10043728,-0.5141369,-0.99154973
126,-0.0014514923,-0.038895488,0.5403944,-0.40530705,-0.14806533,0.15664244,-0.12031436,-0.18494463,-1.0049329
127,-0.0018641949,-0.038895488,0.5403651,-0.38114703,-0.12416124,0.15427423,-0.12396824,-0.18346572,-0.9883939
128,-0.004826665,-0.038895488,0.5404383,0.25216353,-0.14606225,0.14550686,0.5741675,-1.0245528,0.31257904
129,-0.0006879568,-0.038895488,0.5404023,-0.054891944,-0.83232605,-0.83320606,-0.11405277,0.05133891,-1.0006168
130,-0.00092482567,-0.038895488,0.5404067,-0.0545969,-0.8614161,-0.86570203,-0.119529486,0.055288076,-1.0101254
131,-0.00310421,-0.038895488,0.5403584,-0.062440276,-0.85161924,-0.85005045,-1.187417,-1.4140861,-1.005842
132,-0.004239559,-0.038895488,0.54056406,0.73931277,0.51539385,0.1924057,0.020034313,0.1749891,0.28907228
133,-0.00080788136,-0.038895488,0.5403993,-0.057817817,-0.83659446,-0.8423239,-0.11672175,0.042692065,-1.0031672
134,-0.0019834042,-0.038895488,0.5404258,0.095660806,0.5560961,0.20979714,-0.09362829,0.11456466,-1.0069437
135,-0.002345562,-0.038895488,0.5403358,-0.05887413,-0.835129,-0.8422884,-1.1603067,-1.3903618,-1.0002654
136,-0.0038309097,-0.038895488,0.54045725,-0.24212205,-0.86499536,-0.8733566,-0.12283039,-0.7374624,-1.0308208
137,0.0044971704,-0.038895488,0.5405673,0.9984864,1.1696444,1.2101946,0.2510512,0.057080984,0.34029257
138,-0.0018486977,-0.038895488,0.5404037,-0.23362589,-0.8708328,-0.86862767,-0.10204196,-0.74710286,-1.0120203
139,-0.0028867722,-0.038895488,0.54034746,-0.23424959,-0.8623855,-0.85858727,-0.10986781,-0.77542007,-1.0031037
140,-0.0013946295,-0.038895488,0.54038656,-0.17543983,0.14911687,0.15639055,-0.11159539,-0.08450687,-0.9928299
141,-0.0025328398,-0.038895488,0.54035187,-0.06374884,-0.8650905,-0.85082734,-1.1367128,-1.3863671,-1.0040708
142,-0.0021363497,-0.038895488,0.5403379,-0.049868345,-0.8272568,-0.8239403,-1.1412325,-1.3705349,-0.9847791
143,-0.003225565,-0.038895488,0.5403758,-0.19271123,-0.8301488,-0.8326453,-0.08470094,-0.59671426,-0.99211955
144,-0.0011963844,-0.038895488,0.54037464,-0.39480472,-0.15042198,0.15035284,-0.13603175,-0.19410074,-0.99993813
145,-0.0020934343,-0.038895488,0.5404011,-0.13890982,-0.8452592,-0.8441875,-0.5947974,-1.069284,-0.9962317
146,-0.000590086,-0.038895488,0.5403906,-0.054971337,-0.86326575,-0.85710776,-0.107476234,0.059230447,-0.99664986
147,-0.0005247593,-0.038895488,0.5403912,-0.21766376,-0.84568286,-0.8316797,-0.12867081,-0.7713686,-0.9851711
148,-0.00031280518,-0.038895488,0.54043686,0.1056236,0.51573455,0.1487776,-0.12991238,0.053490758,-1.0129707
149,-0.0008121729,-0.038895488,0.5404073,0.109014034,0.5203593,0.15286231,-0.11106217,0.05735755,-1.0035996
150,-0.0045849085,-0.038895488,0.54055035,-0.082944036,-0.9126264,-0.9274553,-0.13418949,0.0637362,-1.0385926
151,-0.0037932396,-0.038895488,0.5403135,-0.16602457,-0.62879014,-0.5291071,-0.7863277,-1.0217423,-0.97452915
152,-0.000993967,-0.038895488,0.54040956,-0.39522195,-0.13995671,0.15317559,-0.119048595,-0.1785804,-1.0078912
153,-0.0026295185,-0.038895488,0.54035926,-0.19205773,-0.83056176,-0.81990075,-0.10438979,-0.5978223,-0.9770969
154,-0.0028414726,-0.038895488,0.54038894,-0.23359287,-0.86296177,-0.8490329,-0.09615791,-0.7480724,-1.0029848
155,-0.0016576052,-0.038895488,0.5403799,0.1105181,0.5189116,0.15146196,-0.12605178,0.04912281,-1.0109456
156,-0.0010162592,-0.038895488,0.54044735,-0.12806106,-0.86765754,-0.8731694,-0.104071856,-0.31963313,-0.9990964
157,-0.0012489557,-0.038895488,0.5403737,-0.06177461,-0.85791683,-0.8467457,-0.11348879,0.052440643,-1.0045488
158,-0.001004219,-0.038895488,0.54035366,-0.047326088,-0.82708514,-0.8274399,-0.09888244,0.05408895,-0.9887514
159,-0.0021716356,-0.038895488,0.54038715,-0.36997485,-0.20226741,0.06027782,-0.19840956,-0.28735876,-0.9870701
160,-0.0010771751,-0.038895488,0.540398,-0.13267434,-0.8433,-0.8553437,-0.56513894,-1.0363417,-0.99213076
161,-0.00021898746,-0.038895488,0.5405582,0.7460245,0.62764263,0.25774956,-0.09008801,0.25778592,0.367239
162,-0.0007736683,-0.038895488,0.54040134,0.10311723,0.5071765,0.14906704,-0.11759007,0.05339563,-1.0024734
163,-0.0016186237,-0.038895488,0.5403608,-0.21964443,-0.82450676,-0.82788694,-0.10599303,-0.70350206,-0.99237585
164,-0.0036860704,-0.038895488,0.54030526,-0.06323993,-0.82508004,-0.8297405,-1.1798611,-1.4170842,-0.9900191
165,-0.0015474558,-0.038895488,0.54039407,-0.35429025,-0.08551693,0.15980172,-0.11196411,-0.15557098,-1.0022695
166,-0.0013124943,-0.038895488,0.5404172,0.112347364,0.52750695,0.15750253,-0.11502755,0.05560839,-1.0031965
167,-0.005562663,-0.038895488,0.54056776,0.29693747,-0.027994514,0.2590263,0.6346952,-1.0863371,0.34662163
168,-0.0027769804,-0.038895488,0.5404185,-0.24008465,-0.8800452,-0.8735596,-0.11312568,-0.7615516,-1.0176916
169,-0.00026786327,-0.038895488,0.5404285,0.11331189,0.5241591,0.15354049,-0.12008858,0.052388906,-1.0076032
170,-0.0017184019,-0.038895488,0.54038954,-0.21631062,-0.8541963,-0.84816766,-0.09183085,-0.65562344,-0.9982648
171,-0.0025296211,-0.038895488,0.54037106,-0.058704972,-0.8533164,-0.8520237,-0.113839984,0.05332923,-1.0073733
172,-0.00010120869,-0.038895488,0.540364,-0.05260074,-0.8394692,-0.8481524,-0.11317325,0.056625605,-0.99809706
173,-0.00026202202,-0.038895488,0.54036677,-0.051959634,-0.8398899,-0.83257294,-0.10608041,0.05802512,-0.9984194
174,0.00039494038,-0.038895488,0.5403658,-0.05291903,-0.85066676,-0.84582376,-0.10385859,0.06224799,-0.9989072
175,-0.0039354563,-0.038895488,0.54038596,-0.05008149,-0.8312093,-0.8660872,-0.11533463,0.05301571,-1.0001149
176,-0.003534913,-0.038895488,0.5403377,-0.057556868,-0.8581631,-0.8275292,-1.1858907,-1.4238746,-0.9964074
177,-0.0011662245,-0.038895488,0.54037976,-0.4069525,-0.14738083,0.15571547,-0.11314309,-0.17447937,-1.003319
178,-0.0035283566,-0.038895488,0.5403806,-0.22798789,-0.8598232,-0.86615896,-0.1032387,-0.7405859,-1.0019858
179,-0.0015687943,-0.038895488,0.54051316,0.25200558,-0.14612174,0.14660275,0.5766572,-1.0705369,0.34473944
180,-0.00082182884,-0.038895488,0.5404,-0.052856088,-0.846562,-0.86227,-0.121351,0.053971887,-1.0036116
181,8.4519386e-05,-0.038895488,0.5404471,0.11151922,0.5523286,0.16775537,-0.117595434,0.08153403,-1.0069726
182,-0.0009264946,-0.038895488,0.54040563,-0.047874928,-0.8530445,-0.8542191,-0.11398709,0.05418539,-1.0018861
183,-0.0023412704,-0.038895488,0.54044473,-0.050385237,-0.87245667,-0.86863995,-0.12131584,0.06587148,-1.0141668
184,-0.001778841,-0.038895488,0.54035425,-0.061487794,-0.858127,-0.84994817,-1.195718,-1.4193218,-1.0070105
185,-0.0021520853,-0.038895488,0.54041624,-0.105270624,-0.8559402,-0.8640635,-0.103298426,-0.2638502,-0.9961839
186,-0.0035727024,-0.038895488,0.54039717,-0.06093204,-0.85975003,-0.8606881,-1.1950679,-1.4067056,-1.0067799
187,-0.0012726784,-0.038895488,0.5404016,-0.40268862,-0.13298988,0.15689051,-0.11600685,-0.17574847,-1.0003898
188,0.007707,-0.038895488,0.5405282,0.96752346,1.112268,1.1444321,0.23846614,0.07164705,0.32860506
189,-0.005700946,-0.038895488,0.5405792,0.7595937,0.6782105,0.41164792,-0.0072561502,0.18085694,0.33063996
190,-0.0008614063,-0.038895488,0.5404539,-0.3987298,-0.1302973,0.16399467,-0.12766266,-0.18442404,-1.0149581
191,3.0994415e-05,-0.038895488,0.54035294,-0.047804594,-0.8382224,-0.8321109,-0.10099757,0.062025785,-0.99801123
192,-0.0012558699,-0.038895488,0.5404041,-0.056619167,-0.86273134,-0.85497487,-0.114525795,0.057926297,-1.0054955
193,-0.0053778887,-0.038895488,0.5404707,0.25842834,-0.1521008,0.15616679,0.59542394,-1.0563486,0.37163293
194,-0.002490759,-0.038895488,0.5403789,-0.39634895,-0.14365673,0.1546768,-0.11947787,-0.18181074,-1.000144
195,0.00090932846,-0.038895488,0.54051566,-0.046312213,0.34795082,0.15911222,-0.13253093,-0.02543044,-1.0294158
196,-0.00016450882,-0.038895488,0.5403656,-0.05196488,-0.85588014,-0.84237957,-0.1054492,0.056241393,-1.0011177
197,0.004088521,-0.038895488,0.54055524,0.98033035,1.1563056,1.1881051,0.2747562,0.040187955,0.33403397
198,-0.00414443,-0.038895488,0.5403358,-0.0463593,-0.8335453,-0.85181797,-1.1832068,-1.4062531,-1.0058165
199,-0.0018416643,-0.038895488,0.54038227,-0.39930093,-0.1360606,0.15677452,-0.11334193,-0.17345142,-0.9989778
200,0.00024068356,-0.038895488,0.54049337,0.115415335,0.53716445,0.76375794,0.35587668,-0.2596848,-0.33608627
201,-0.0005581379,-0.038895488,0.5404031,-0.054534912,-0.8667854,-0.8691752,-0.114776134,0.05563283,-1.0060389
202,-0.0029931068,-0.038895488,0.54038286,-0.057218432,-0.85320663,-0.8583462,-1.2049301,-1.4295797,-1.0098221
203,-0.0020805597,-0.038895488,0.5403967,-0.3919915,-0.13696349,0.16055739,-0.12067175,-0.18883574,-1.0016267
204,-0.0025417805,-0.038895488,0.5403259,-0.062281013,-0.8243741,-0.81446505,-1.1514161,-1.4023247,-0.9928434
205,-0.00429368,-0.038895488,0.54043055,-0.050033092,-0.8514776,-0.84156036,-0.1143285,0.058300734,-0.99884987
206,-0.00041294098,-0.038895488,0.54036474,-0.050303817,-0.8473599,-0.8460038,-0.10905278,0.0578655,-0.9982871
207,-0.0018825531,-0.038895488,0.5402944,0.11360061,0.5134808,0.14614081,-0.119558215,0.053447247,-0.98162115
208,-0.003148079,-0.038895488,0.54034793,-0.057590485,-0.861701,-0.845909,-1.2198997,-1.4478059,-1.0052156
209,4.4822693e-05,-0.038895488,0.5403875,-0.050691366,-0.8628893,-0.85858226,-0.11120641,0.058778286,-1.0082445
210,-0.001445055,-0.038895488,0.5403869,-0.3970964,-0.13788533,0.1526264,-0.111668825,-0.17539084,-0.9994106
211,-0.00093853474,-0.038895488,0.54037106,-0.051947355,-0.84817576,-0.8500705,-0.109721184,0.052797318,-0.9984368
212,-0.0034353733,-0.038895488,0.5403856,-0.19419158,-0.8606471,-0.84721005,-0.10178554,-0.60946834,-0.99261725
213,-0.00042891502,-0.038895488,0.5404016,-0.056126356,-0.8485956,-0.8360524,-0.1094929,0.040507436,-0.9995849
214,-0.0005890131,-0.038895488,0.54049957,0.10377717,0.5344268,0.16140556,-0.113832355,0.066841125,-1.0185091
215,-0.00020813942,-0.038895488,0.54042816,0.11044562,0.52617145,0.15134847,-0.12613606,0.04907167,-1.0105541
216,0.004940033,-0.038895488,0.5404072,0.9596281,1.1091166,1.1411493,0.24243104,0.08955681,0.31324112
217,-0.0018638372,-0.038895488,0.54033804,-0.35468745,-0.2384286,0.010996819,-0.23468685,-0.37456,-0.97899365
218,-0.0013947487,-0.038895488,0.5404093,-0.18605173,-0.85670805,-0.864977,-0.32861388,-0.90599835,-1.002466
219,-0.0017133951,-0.038895488,0.54039085,-0.3995458,-0.13823915,0.16161263,-0.120203614,-0.17849326,-1.000879
220,-0.0001693964,-0.038895488,0.540429,0.11040819,0.53055906,0.15306735,-0.11746538,0.06370163,-1.009234
221,-0.00043559074,-0.038895488,0.5403937,0.1100266,0.5206535,0.15625417,-0.12079775,0.05365491,-1.0032628
222,0.001768589,-0.038895488,0.54075086,0.60216117,-0.19063771,0.15054429,0.6512176,0.96084404,0.42237997
223,-0.0030184984,-0.038895488,0.54033446,-0.06363082,-0.81960297,-0.8272433,-1.1511757,-1.3842964,-0.99724734
224,-0.0015637875,-0.038895488,0.5403602,-0.22548676,-0.84581757,-0.8455243,-0.09391713,-0.7220768,-0.9954206
225,-0.00016307831,-0.038895488,0.54040647,0.09650171,0.50349236,0.15502429,-0.12032521,0.0448848,-1.003088
226,-0.0011328459,-0.038895488,0.5403552,-0.19895935,-0.058439136,0.029580235,-0.12728131,-0.06309712,-0.95031357
227,-0.0030109882,-0.038895488,0.5404086,-0.054736257,-0.8407296,-0.8511212,-0.11395109,-0.09175587,-0.98971343
228,-0.00058948994,-0.038895488,0.5404208,-0.3962617,-0.13171911,0.15647113,-0.11949229,-0.17698681,-1.005249
229,-0.0012959242,-0.038895488,0.5404295,-0.40459585,-0.1408509,0.1611687,-0.12256312,-0.17788243,-1.0128591
230,-0.0026807785,-0.038895488,0.54037786,-0.22526073,-0.8658911,-0.8578638,-0.09720147,-0.70251906,-1.0023177
231,-0.0039914846,-0.038895488,0.5403646,-0.055851817,-0.83193004,-0.8476386,-1.1900833,-1.419136,-1.0040321
232,-0.0032269955,-0.038895488,0.54035544,-0.0528059,-0.866917,-0.8587954,-1.2017922,-1.429002,-1.0014865
233,-0.004024744,-0.038895488,0.5402975,-0.049383044,-0.83281267,-0.8172457,-1.1358333,-1.3913596,-0.99109745
234,-0.0029929876,-0.038895488,0.5403496,-0.17360699,-0.69439983,-0.650368,-0.5641413,-0.9634081,-0.9751159
235,-0.007059574,-0.038895488,0.5404961,0.590278,0.19387984,0.35836184,0.41620767,-0.3375039,0.36404717
236,-0.0020684004,-0.038895488,0.5406194,-0.26818156,-0.975847,-1.0117738,-0.1722281,-0.86706245,-1.0872495
237,-0.0026051998,-0.038895488,0.54032266,-0.062359095,-0.8270916,-0.8243189,-1.1463621,-1.3723671,-0.9916488
238,0.0025544167,-0.038895488,0.54044425,0.90717804,1.0233815,1.095794,0.33405876,-0.013737917,0.3257903
239,-0.0011924505,-0.038895488,0.5404072,-0.20412683,-0.8757895,-0.8716327,-0.25743008,-0.858991,-1.011534
240,-0.006812811,-0.038895488,0.5404103,0.47303343,0.030120134,0.18294704,0.42373192,-0.5133456,0.3356378
241,-0.0023132563,-0.038895488,0.5404074,-0.38827288,-0.19965518,0.08574569,-0.11077142,-0.23665977,-0.990504
242,-0.0016573668,-0.038895488,0.54039764,-0.056883097,-0.8486961,-0.8388853,-0.10833502,0.05085218,-0.9911114
243,-0.0033966303,-0.038895488,0.5403781,-0.06261337,-0.8414459,-0.8601774,-1.1975799,-1.4186459,-1.0097721
244,-0.004496455,-0.038895488,0.5404453,0.42889345,-0.03848791,0.13704956,0.47716784,-0.61292124,0.3546492
245,-0.0007876158,-0.038895488,0.5403584,0.11184502,0.52380455,0.15576541,-0.113687515,0.058253407,-1.0027828
246,-0.0028036833,-0.038895488,0.54043174,0.27479732,-0.14800072,0.14039779,0.57091403,-1.0005836,0.3392011
247,-0.0020555258,-0.038895488,0.5403893,-0.37308478,-0.14385176,0.14689302,-0.11942029,-0.16334856,-0.9909383
248,-0.0009459257,-0.038895488,0.54033935,-0.054875135,-0.84529555,-0.8268355,-0.1026386,0.063085556,-0.99635947
249,-0.0019152164,-0.038895488,0.54041135,-0.05856526,-0.8373296,-0.85099506,-0.11468983,0.05309522,-1.0023742
250,-0.0013135672,-0.038895488,0.540378,-0.39895344,-0.13468373,0.15989852,-0.11628997,-0.17297912,-1.0015016
251,-0.0021147728,-0.038895488,0.5404062,-0.06400335,-0.83085525,-0.84728384,-0.11403549,-0.06782472,-0.99681747
252,-0.003624916,-0.038895488,0.54034126,-0.19258797,-0.60818803,-0.5038135,-0.84798455,-1.0237026,-0.9875784
253,-0.0010663271,-0.038895488,0.54039943,-0.37206018,-0.10867262,0.15247369,-0.11363089,-0.1627227,-1.0013123
254,-0.0013164282,-0.038895488,0.5403141,-0.062223196,-0.8226621,-0.829389,-1.1437902,-1.3706093,-0.9926027
255,-0.00015079975,-0.038895488,0.5403979,-0.053187966,-0.85023654,-0.8433285,-0.10604119,0.054504752,-1.0006862
256,-0.0031068325,-0.038895488,0.54032993,-0.19207573,-0.8370218,-0.8212315,-0.23744798,-0.85137784,-0.98026526
257,-0.0013233423,-0.038895488,0.5404171,-0.38812888,-0.14508343,0.1536212,-0.114741325,-0.1846838,-0.9962673
258,-0.0022833347,-0.038895488,0.5404743,-0.24929965,-0.9145404,-0.9087322,-0.12568891,-0.7807716,-1.0292594
259,-0.0035163164,-0.038895488,0.5403464,-0.060597777,-0.85855794,-0.8439579,-1.2017581,-1.4255269,-1.0110912
260,-0.0025576353,-0.038895488,0.5403439,-0.059876084,-0.83319783,-0.8340939,-1.160773,-1.3925021,-0.99527025
261,-7.748604e-06,-0.038895488,0.540418,0.1118412,0.5244595,0.15913033,-0.11889303,0.05064559,-1.0072737
262,-0.00042784214,-0.038895488,0.5404191,0.11158776,0.5274497,0.15179074,-0.1181885,0.059153557,-1.0096388
263,-0.0012130737,-0.038895488,0.5404233,0.11885524,0.5281522,0.14891362,-0.12885237,0.056875825,-1.0091345
264,-0.0029854774,-0.038895488,0.5403886,-0.2264489,-0.8624301,-0.8554871,-0.102957726,-0.7296884,-1.0005319
265,-0.0008773804,-0.038895488,0.54038227,-0.057240486,-0.85664284,-0.8416084,-0.11713326,0.049153328,-1.0085828
266,-0.0032993555,-0.038895488,0.5403718,-0.050094843,-0.8683592,-0.8675891,-1.2381661,-1.4571211,-1.0121875
267,-0.0016161203,-0.038895488,0.54028594,-0.05938208,-0.80618227,-0.8112327,-1.1157899,-1.353488,-0.9849081
268,-0.0004348755,-0.038895488,0.54043376,0.11109674,0.52828443,0.15627241,-0.11619151,0.0640676,-1.0072138
269,-0.0025497675,-0.038895488,0.5403627,-0.06362641,-0.84646654,-0.85237443,-1.1939597,-1.4029572,-1.0003033
270,-0.0009863377,-0.038895488,0.5404124,-0.059476137,-0.8762435,-0.8487489,-0.11566758,0.056155324,-1.0122354
271,-0.0028401613,-0.038895488,0.54040086,-0.22098887,-0.86879253,-0.8469138,-0.09761989,-0.7323402,-1.0006557
272,-0.0011092424,-0.038895488,0.5403966,-0.2276839,-0.8660444,-0.85952365,-0.1046412,-0.73562026,-1.0105696
273,-0.0031007528,-0.038895488,0.54037917,-0.05412209,-0.89195824,-0.8694962,-1.2307682,-1.4580877,-1.0144815
274,-0.001120925,-0.038895488,0.5403881,-0.36221695,-0.104358196,0.15062916,-0.116410255,-0.16338325,-0.9982505
275,-0.00054752827,-0.038895488,0.54041076,0.11086571,0.52711356,0.15503359,-0.11729574,0.059589744,-1.011029
276,-0.0002554655,-0.038895488,0.54041445,0.11187887,0.5277628,0.15457559,-0.11965597,0.05911219,-1.0123904
277,-0.003035903,-0.038895488,0.54028606,-0.06549013,-0.8182485,-0.80896807,-1.1426837,-1.3665063,-0.9927083
278,-0.00018048286,-0.038895488,0.5403713,-0.049201965,-0.8339796,-0.8493571,-0.10362363,0.06913364,-0.9914787
279,-0.0020923615,-0.038895488,0.54036665,-0.39329517,-0.13613498,0.15475845,-0.11573446,-0.17366457,-0.99546695
280,-0.0012147427,-0.038895488,0.540437,-0.24053276,0.07187927,0.15885544,-0.11497831,-0.108754754,-1.0030975
281,-0.00049328804,-0.038895488,0.5405835,0.70748365,0.5952805,0.20535088,-0.14225996,0.24909925,0.3675133
282,-0.0009649992,-0.038895488,0.54036903,-0.36695397,-0.103001595,0.15240633,-0.1104213,-0.16058207,-0.9942318
283,-0.0014060736,-0.038895488,0.5403478,-0.22167146,-0.8528577,-0.85222304,-0.09064269,-0.70797217,-0.99583864
284,-0.00071394444,-0.038895488,0.5404035,0.10983336,0.52425706,0.1569128,-0.11656451,0.051642418,-1.0042825
285,0.0065619946,-0.038895488,0.5405226,0.98715174,1.1525812,1.1934204,0.24390483,0.056642175,0.33322835
286,-0.0048205853,-0.038895488,0.540336,-0.06511593,-0.8195727,-0.82472086,-1.159549,-1.3742168,-0.98982346
287,0.0054813623,-0.038895488,0.5406431,-0.099523306,1.1511846,1.2452009,0.2578498,0.7293997,-1.0322797
288,-0.0012862682,-0.038895488,0.54037166,-0.0502671,-0.8313508,-0.8326565,-0.113966584,0.04158044,-0.99526274
289,-0.003242731,-0.038895488,0.5403645,-0.06538606,-0.83873224,-0.84779644,-1.1685209,-1.3992698,-0.99618804
290,-0.0026335716,-0.038895488,0.54041386,-0.23940933,-0.8909608,-0.8923334,-0.11253452,-0.764498,-1.0190282
291,-0.00059092045,-0.038895488,0.54037356,-0.05629325,-0.84994626,-0.84535265,-0.11359322,0.04565561,-1.0026448
292,-0.0032662153,-0.038895488,0.5403563,-0.1331352,-0.8491827,-0.83637154,-0.096936345,-0.3360814,-0.98576987
293,-0.0036844015,-0.038895488,0.540323,-0.05334878,-0.8378266,-0.83404887,-1.1720293,-1.406126,-0.99203444
294,-0.0006904602,-0.038895488,0.54042745,0.11471605,0.52886,0.15310109,-0.12382829,0.057528734,-1.0109994
295,-0.002539754,-0.038895488,0.5403757,-0.4021697,-0.13241267,0.16294777,-0.10932469,-0.16680741,-0.99280095
296,-0.0016801357,-0.038895488,0.54035544,-0.3932799,-0.15612853,0.13333917,-0.14258432,-0.1975832,-0.9866257
297,-0.0015772581,-0.038895488,0.54040015,-0.35253263,-0.08823156,0.16608143,-0.10686135,-0.17060328,-0.98711205
298,-0.0016181469,-0.038895488,0.5404347,-0.41100943,-0.14083529,0.16868114,-0.112445354,-0.19909191,-1.0139961
299,-0.0038503408,-0.038895488,0.5403358,-0.064038515,-0.830377,-0.8343775,-1.1506674,-1.3749876,-0.9948778
300,-0.0013344288,-0.038895488,0.54041183,-0.23586428,-0.87296367,-0.8769212,-0.094624996,-0.7360331,-1.0166876
301,-0.00094509125,-0.038895488,0.5403788,-0.05676067,-0.8652868,-0.8433137,-0.112905264,0.055335402,-1.0040853
302,0.00078868866,-0.038895488,0.54041815,0.117908,0.52870333,0.14880478,-0.12308955,0.05506158,-1.0052149
303,-0.001314044,-0.038895488,0.54037416,-0.39383852,-0.13884711,0.15238333,-0.11587477,-0.17416441,-0.9970795
304,-0.0016314983,-0.038895488,0.540418,-0.23968804,-0.88329685,-0.87319934,-0.10018146,-0.7386379,-1.0154645
305,-0.0030443668,-0.038895488,0.5403501,-0.05674112,-0.856084,-0.8403379,-1.1973534,-1.4336231,-1.0065527
306,-0.00092446804,-0.038895488,0.54037976,-0.05353427,-0.8569679,-0.85163486,-0.11978006,0.05027473,-1.0035152
307,-0.0011302233,-0.038895488,0.5403985,-0.103376865,0.24482739,0.1619587,-0.1176399,-0.051492453,-0.99285054
308,-0.00035595894,-0.038895488,0.5404233,-0.38747752,-0.12374008,0.15896463,-0.11678183,-0.17084146,-1.0035517
309,0.0033932924,-0.038895488,0.54046476,0.9423717,1.0820887,1.1079912,0.23191845,0.064174056,0.28972232
310,-0.0020132065,-0.038895488,0.54050875,0.10124242,0.5680665,0.23097491,-0.10214555,0.12479544,-1.0164232
311,-0.0013244152,-0.038895488,0.54039633,-0.3825779,-0.1331352,0.15536225,-0.115210414,-0.17554033,-0.9968425
312,-0.0015004873,-0.038895488,0.5403465,-0.35648203,-0.13405716,0.14310348,-0.10919988,-0.18740654,-0.9721248
313,-0.0029389858,-0.038895488,0.5403261,-0.05091679,-0.81593144,-0.83447003,-1.135016,-1.3714328,-0.99162304
314,-0.0026162863,-0.038895488,0.5403632,-0.22469783,-0.8346114,-0.8076086,-0.12297666,-0.7461976,-0.9997512
315,-0.0049060583,-0.038895488,0.5403757,-0.05286634,-0.8546964,-0.85221803,-1.1955385,-1.428266,-1.0073876
316,-0.0013308525,-0.038895488,0.54035354,-0.09166479,-0.8895087,-0.8597535,-1.2090731,-1.3945692,-1.0528455
317,-0.0019263029,-0.038895488,0.54033315,-0.08187461,-0.8236662,-0.81626403,-0.92624557,-1.2403896,-0.98379636
318,-0.00015461445,-0.038895488,0.54042363,0.11651087,0.52967894,0.1533587,-0.1170547,0.056608558,-1.0064666
319,-0.0011416674,-0.038895488,0.5404091,-0.22666478,-0.860878,-0.8666042,-0.10333526,-0.7343743,-1.0083067
320,0.0022075176,-0.038895488,0.54061115,0.01855886,0.8786857,0.7520976,0.116310835,0.41619217,-1.0600975
321,-0.004143238,-0.038895488,0.5403223,-0.05395007,-0.8255309,-0.8165461,-1.162775,-1.4088786,-0.9948678
322,-0.0011330843,-0.038895488,0.5403738,-0.057772636,-0.8595711,-0.8444816,-0.11442709,0.052738786,-1.0045695
323,-0.0008523464,-0.038895488,0.54039586,-0.38707054,-0.12839782,0.1547153,-0.11460483,-0.17497349,-1.0000489
324,-0.0020563602,-0.038895488,0.5403662,-0.05891466,-0.8543854,-0.85887015,-1.2146635,-1.4409359,-1.0113857
325,-0.00069642067,-0.038895488,0.5403918,-0.055060387,-0.8653408,-0.8511907,-0.110459566,0.058300853,-1.0048885
326,-0.00256598,-0.038895488,0.540388,-0.15511918,-0.85047245,-0.8462305,-0.09553027,-0.4553579,-0.9912789
327,-0.0019007921,-0.038895488,0.5404016,-0.22946405,-0.8692597,-0.86415386,-0.10083735,-0.7274426,-1.0086563
328,-0.0047929287,-0.038895488,0.5404464,0.25322652,-0.22145939,0.041718245,0.50261915,-0.9101727,0.14621794
329,-0.0026527643,-0.038895488,0.5405021,0.5668038,-0.16324353,0.13905048,0.5642209,0.72016585,0.30855322
330,-0.0016618967,-0.038895488,0.54043365,-0.060287356,0.3046987,0.15266597,-0.118504524,-0.023692608,-1.0123787
331,-0.0030626059,-0.038895488,0.54034114,-0.059128523,-0.83027065,-0.8337978,-1.1573958,-1.3804607,-0.999853
332,-0.0062777996,-0.038895488,0.54051435,0.59257495,0.04090786,0.117127895,0.3375318,-0.0629915,0.3928349
333,-0.0010957718,-0.038895488,0.5404217,0.105251074,0.52158153,0.15459812,-0.11587834,0.05494404,-1.0062423
334,0.0003695488,-0.038895488,0.5404011,-0.14011657,-0.4250642,-0.32092714,-0.14721894,0.036926627,-0.9693903
335,0.00027000904,-0.038895488,0.54041195,-0.0533334,-0.84083295,-0.84659696,-0.10684645,0.03581953,-0.9989797
336,-0.0033667088,-0.038895488,0.5404036,-0.061255336,-0.8611238,-0.8765694,-1.2219999,-1.4507825,-1.0168979
337,-0.002437234,-0.038895488,0.54035664,-0.06815088,-0.8570875,-0.84208155,-1.1893365,-1.4054675,-1.0124793
338,-0.00085389614,-0.038895488,0.54036355,-0.050667167,-0.851956,-0.85365117,-0.10951936,0.056988835,-0.9977225
339,-0.0016758442,-0.038895488,0.5403365,-0.37168026,-0.11136174,0.15407562,-0.10815966,-0.16444957,-0.9855318
340,-0.00031793118,-0.038895488,0.5403849,-0.3859725,-0.13156569,0.16031086,-0.1076684,-0.17523909,-0.99361074
341,-0.001004219,-0.038895488,0.54040563,0.114203095,0.5245434,0.15586329,-0.116826534,0.058531046,-1.0020864
342,-0.0009727478,-0.038895488,0.5404092,-0.06265998,-0.84191,-0.832937,-0.11570203,0.05202663,-1.0078773
343,0.00016403198,-0.038895488,0.54041016,0.10073888,0.51031804,0.15627563,-0.115453124,0.054844737,-1.0005615
344,-0.00046753883,-0.038895488,0.5404147,0.1151911,0.5284101,0.15850472,-0.11576235,0.05583644,-1.005389
345,-2.1457672e-06,-0.038895488,0.54039454,-0.049435973,-0.865214,-0.858076,-0.10696685,0.060997486,-1.0083883
346,0.01277101,-0.038895488,0.5405762,0.9651166,1.1252203,1.1621959,0.2515992,0.022675991,0.31189
347,-0.0024604797,-0.038895488,0.54039097,-0.21462107,-0.8633226,-0.8568158,-0.10697842,-0.6551411,-1.0047557
348,-0.004260421,-0.038895488,0.5406709,0.29667675,-0.3018831,-0.11755741,0.38199508,0.58758605,-0.2395351
349,-0.0022449493,-0.038895488,0.5403755,-0.065630674,-0.8536204,-0.85365915,-1.1906354,-1.4080293,-1.0041742
350,-0.002976656,-0.038895488,0.5406128,0.23808956,-0.45056224,-0.30962884,0.20866406,0.3219453,-0.49209583
351,0.0068483353,-0.038895488,0.54053354,0.95871294,1.1242464,1.15165,0.226336,0.06047094,0.32027423
352,-0.0016880035,-0.038895488,0.5404078,-0.22642684,-0.86297417,-0.8845631,-0.09077823,-0.73037076,-1.0121746
353,-5.507469e-05,-0.038895488,0.540395,-0.052011132,-0.8651719,-0.8486519,-0.108923316,0.05905819,-1.00944
354,-0.00093233585,-0.038895488,0.5403694,-0.05579734,-0.8498572,-0.83321095,-0.11014569,0.049423337,-0.99986804
355,-0.0012602806,-0.038895488,0.5403584,-0.3938321,-0.13653553,0.1584295,-0.113098145,-0.18054724,-0.99332166
356,-0.0032818317,-0.038895488,0.54033315,-0.06244552,-0.84076,-0.8368541,-1.1418316,-1.3723094,-0.9969082
357,-0.0013417006,-0.038895488,0.5404078,-0.24741828,0.05682218,0.15699506,-0.11513257,-0.1246891,-0.99298584
358,-0.0013502836,-0.038895488,0.54041636,0.11132681,0.52167916,0.15188265,-0.1197958,0.04917085,-1.0046539
359,0.0005348921,-0.038895488,0.54045093,-0.058686495,-0.8678365,-0.869136,-0.11706543,0.035878062,-1.0093615
360,-0.002007246,-0.038895488,0.54039645,-0.40335906,-0.12892222,0.16318631,-0.1151613,-0.17126215,-1.0015426
361,-0.00025367737,-0.038895488,0.54044986,0.114070654,0.5310701,0.15170062,-0.12887716,0.0603323,-1.0141633
362,-0.0016821623,-0.038895488,0.54041576,-0.4018935,-0.13503361,0.15978813,-0.1214087,-0.17688811,-1.0103586
363,-0.00078999996,-0.038895488,0.5405023,-0.073351026,-0.89161086,-0.8795192,-0.13475561,0.046500325,-1.0282061
364,-0.005017638,-0.038895488,0.5404382,0.2931198,-0.14610946,0.16599369,0.5680927,-0.9634961,0.3496169
365,-0.0012773275,-0.038895488,0.5404216,0.1095736,0.52729154,0.15339589,-0.11658585,0.06065333,-1.007371
366,-0.00092458725,-0.038895488,0.5403904,-0.23039126,-0.88140786,-0.86906505,-0.09091985,-0.7335417,-1.0139861
367,-6.6161156e-05,-0.038895488,0.54048,-0.4251486,-0.1514144,0.17520857,-0.11402404,-0.1920284,-1.0288956
368,-0.0014516115,-0.038895488,0.540396,-0.38855898,-0.14835012,0.14906585,-0.12318027,-0.1841098,-0.99895287
369,-0.0011644363,-0.038895488,0.54038763,-0.058725834,-0.8589766,-0.86342657,-0.116613746,0.058885694,-1.0067365
370,-0.0016521215,-0.038895488,0.5403867,-0.397166,-0.14300668,0.15330255,-0.11755359,-0.17466724,-1.0008698
371,-0.00060510635,-0.038895488,0.5404129,-0.05330491,-0.8654952,-0.85475767,-0.11590302,0.050931096,-1.0116224
372,-0.0031530857,-0.038895488,0.5403402,-0.06420255,-0.81970084,-0.8389654,-1.1490064,-1.3735373,-0.990325
373,-0.0032685995,-0.038895488,0.5403433,-0.057502985,-0.8377353,-0.8361167,-1.1743021,-1.4083643,-1.0000331
374,-0.0014834404,-0.038895488,0.54043925,-0.30574298,-0.013506293,0.1614579,-0.119246244,-0.14118683,-1.0017238
375,0.0040944815,-0.038895488,0.5405464,1.0032191,1.2020428,1.232543,0.2524352,0.046109557,0.33651924
376,-0.0006017685,-0.038895488,0.54042244,-0.13917446,-0.86145663,-0.861675,-0.10635078,-0.35290706,-0.9932053
377,-0.00013637543,-0.038895488,0.5404551,-0.19859529,-0.8853744,-0.87268496,-0.3217634,-0.9120543,-1.0186508
378,-0.00096166134,-0.038895488,0.54043007,-0.40616298,-0.13811266,0.16080272,-0.122746944,-0.1793909,-1.0107274
379,-0.0023821592,-0.038895488,0.5404031,-0.14617991,-0.8421062,-0.8249043,-0.54513276,-1.0363357,-0.9972882
380,-0.0038169622,-0.038895488,0.5404093,-0.18699145,-0.8440484,-0.8665825,-0.3122877,-0.9016131,-0.995927
381,-0.00094771385,-0.038895488,0.54044354,-0.39962614,-0.14075196,0.15825391,-0.12062085,-0.1815784,-1.0108802
382,-0.0010045767,-0.038895488,0.5403923,-0.05340612,-0.84581053,-0.86708474,-0.112849355,0.0560323,-1.01285
383,-0.00022244453,-0.038895488,0.54038227,-0.05104065,-0.837283,-0.8353325,-0.10056722,0.050518274,-0.9937899
384,-0.0018806458,-0.038895488,0.5403968,-0.22497797,-0.858783,-0.8533002,-0.09580934,-0.7047998,-1.0041118
385,0.00074124336,-0.038895488,0.54054666,0.7137331,0.5830498,0.1999656,-0.08769274,0.24992311,0.3415084
386,0.0013380051,-0.038895488,0.54053104,0.8916389,1.143821,1.171422,0.4190935,-0.113636255,0.32134688
387,-0.0013810396,-0.038895488,0.5403904,-0.39510334,-0.13543856,0.15933633,-0.1202122,-0.17381442,-1.0065114
388,-0.0022363663,-0.038895488,0.54040694,-0.39563513,-0.14188766,0.15841103,-0.1158905,-0.18553853,-1.0028567
389,-0.00064730644,-0.038895488,0.54035187,-0.2170496,-0.8224366,-0.8293792,-0.10991514,-0.7239994,-0.9892701
390,-0.0041573048,-0.038895488,0.540352,-0.071318865,-0.8572849,-0.84616864,-1.1844525,-1.3914027,-1.0073495
391,-0.0022456646,-0.038895488,0.5403844,-0.22360301,-0.85357857,-0.8432704,-0.1114074,-0.7207484,-0.99975264
392,-0.0042951107,-0.038895488,0.540336,-0.06654894,-0.83590865,-0.82787395,-1.133326,-1.3541458,-0.9948472
393,-0.002035737,-0.038895488,0.54034114,-0.37746227,-0.12231922,0.15538287,-0.11165428,-0.17254329,-0.983037
394,-0.0038591623,-0.038895488,0.5404384,-0.2510742,-0.7187145,-0.617996,-0.078881145,-0.6480861,-0.96702826
395,-0.0006761551,-0.038895488,0.54035234,-0.050589323,-0.8468801,-0.8318683,-0.10066998,0.064888954,-0.9947053
396,-8.356571e-05,-0.038895488,0.54041016,0.107908964,0.5267588,0.15483189,-0.1193552,0.060031176,-1.0057278
397,-0.0024733543,-0.038895488,0.54039884,-0.21897471,-0.85726714,-0.8453119,-0.106800914,-0.69529235,-1.0008984
398,-0.0021743774,-0.038895488,0.5405083,0.5964427,-0.052393794,0.1488322,0.35665548,0.62591815,0.34593427
399,-0.007496357,-0.038895488,0.5404035,0.50844383,-0.10261881,0.14743412,0.49730396,-0.37928104,0.34923053
400,-0.0035358667,-0.038895488,0.54036534,-0.058107853,-0.8288213,-0.8234446,-1.1632221,-1.3928924,-0.9987258
401,-0.0017127991,-0.038895488,0.540442,-0.05569601,-0.8664545,-0.8626852,-0.10506916,0.06212282,-1.0078204
402,-0.0017392635,-0.038895488,0.54042387,-0.06798971,-0.8751782,-0.88828504,-1.2284458,-1.4331114,-1.0247464
403,-0.00085282326,-0.038895488,0.54041076,0.112359166,0.5266206,0.15780675,-0.11915755,0.062473655,-1.0044463
404,-0.00082063675,-0.038895488,0.54041076,-0.16907573,-0.8550978,-0.8553928,-0.37151372,-0.9268017,-0.993642
405,-0.0033073425,-0.038895488,0.5403936,-0.20085895,-0.83031976,-0.81421244,-0.10957515,-0.6144885,-0.9944993
406,-0.0034394264,-0.038895488,0.5403842,-0.060133934,-0.8714925,-0.85889184,-1.2261033,-1.4502656,-1.0161388
407,0.009273171,-0.038895488,0.5404912,0.9501622,1.1009746,1.1383667,0.24526668,0.035517216,0.3223307
408,0.00509429,-0.038895488,0.54047644,0.96040237,1.1346877,1.1589394,0.23191619,0.060763836,0.31314468
409,-0.0013307333,-0.038895488,0.54041636,0.107228994,0.52176964,0.1543746,-0.111213565,0.049604535,-1.0104094
410,-0.0013341904,-0.038895488,0.5403913,-0.40083766,-0.15311444,0.15177095,-0.13571,-0.1885395,-1.0066977
411,-0.0012493134,-0.038895488,0.54036725,-0.36409497,-0.22992754,0.035957217,-0.252239,-0.30672836,-0.98840356
412,-0.0006957054,-0.038895488,0.5404085,0.109081864,0.5243062,0.15848684,-0.117635846,0.0544554,-1.0098641
413,-0.0026996136,-0.038895488,0.5404409,-0.33054495,-0.44603014,-0.26631963,-0.10244048,-0.44221485,-1.0001245
414,-0.0027834177,-0.038895488,0.54031146,-0.061384678,-0.8346957,-0.82339406,-1.1699917,-1.4185617,-0.9988352
415,-0.00058972836,-0.038895488,0.5404211,0.11753893,0.5268868,0.15583897,-0.119813085,0.056643844,-1.0036452
416,-0.00083220005,-0.038895488,0.5403898,-0.39987767,-0.13403606,0.16887927,-0.11197233,-0.1861608,-1.0011294
417,-0.0004925728,-0.038895488,0.5404104,0.10904539,0.524052,0.15478599,-0.11545813,0.05733192,-1.0060172
418,-0.00095641613,-0.038895488,0.54042935,-0.4137001,-0.13302505,0.16486967,-0.122202754,-0.18002856,-1.0154791
419,0.00242877,-0.038895488,0.54061365,1.0295913,1.1952972,1.254242,0.3042171,0.042195916,0.3808471
420,-0.002010107,-0.038895488,0.54040205,-0.16804636,-0.85870934,-0.83969474,-0.42459214,-0.966782,-0.9943665
421,-0.001335144,-0.038895488,0.54036367,-0.09816396,-0.8266225,-0.8278041,-0.1124053,-0.1871525,-0.9844178
422,0.00059247017,-0.038895488,0.540606,0.6090561,0.15844142,0.15277886,-0.21194637,0.59497917,0.30678654
423,0.007950902,-0.038895488,0.540573,0.97356415,1.139755,1.1754296,0.23630393,0.056688547,0.32011104
424,-0.00045919418,-0.038895488,0.54038084,-0.053605437,-0.8587003,-0.8542533,-0.109509826,0.05959308,-0.999617
425,-0.001403451,-0.038895488,0.5404006,-0.4064883,-0.13884664,0.15605032,-0.11898577,-0.1700499,-1.0028944
426,-0.0016915798,-0.038895488,0.5403954,-0.052992105,-0.8332583,-0.8509408,-0.11213398,0.05350828,-0.99890864
427,-0.0024861097,-0.038895488,0.5403836,-0.19772255,-0.8539469,-0.8414341,-0.10874236,-0.60599375,-0.9938965
428,0.0016657114,-0.038895488,0.5405688,0.544284,-0.22137892,0.12416065,-0.2511891,0.87349176,0.34643757
429,-0.003469348,-0.038895488,0.54034996,-0.22471714,-0.8496244,-0.8404126,-0.10499573,-0.74091935,-0.992491
430,-0.0009875298,-0.038895488,0.5403631,-0.053791523,-0.8524965,-0.83973825,-0.10635948,0.05763805,-0.9945706
431,0.002644658,-0.038895488,0.54047215,0.93898034,1.1234238,1.1581445,0.34528935,-0.0032993555,0.31818736
432,-0.0030471087,-0.038895488,0.54037416,-0.2748649,-0.48240423,-0.33146858,-0.6630875,-0.6974609,-0.976758
433,-0.0033940077,-0.038895488,0.5404085,-0.0650357,-0.8708501,-0.8699331,-1.2014654,-1.4319835,-1.0201077
434,-0.0015757084,-0.038895488,0.5404142,-0.2245934,-0.8772185,-0.878114,-0.14214826,-0.7727635,-1.0103872
435,-0.0008428097,-0.038895488,0.54038906,-0.048660874,-0.86612093,-0.86310804,-0.10884929,0.057753682,-1.00648
436,-0.0030246973,-0.038895488,0.54036236,-0.056239605,-0.83975637,-0.8412384,-1.167778,-1.399435,-1.0023391
437,-0.001365304,-0.038895488,0.54039073,-0.2173289,-0.8609425,-0.84121335,-0.09415913,-0.72483826,-0.99944365
438,-0.0023298264,-0.038895488,0.5404098,-0.22419786,-0.84643805,-0.8354776,-0.084702015,-0.74505043,-0.9833292
439,-0.003104329,-0.038895488,0.54034317,-0.06161785,-0.82626545,-0.83269763,-1.1637328,-1.3961821,-0.9957329
440,-0.0018918514,-0.038895488,0.5403713,-0.39276648,-0.133358,0.15871847,-0.11985254,-0.17041135,-0.99711716
441,-0.001582861,-0.038895488,0.5403954,-0.40149546,-0.13650095,0.16170955,-0.11941981,-0.183483,-1.0050848
442,-0.0038319826,-0.038895488,0.540362,-0.054754615,-0.84727716,-0.857319,-1.1979091,-1.4267528,-1.0104427
443,0.00018846989,-0.038895488,0.5403571,-0.048496366,-0.82932734,-0.81157756,-0.10205448,0.049622536,-0.98975015
444,-0.0020816326,-0.038895488,0.54033995,-0.12488544,-0.83071697,-0.83223534,-0.64176714,-1.086669,-0.98165834
445,0.0019123554,-0.038895488,0.540506,0.93276715,1.0524986,1.0610547,0.28551984,0.06993818,0.3184154
446,-0.0007430315,-0.038895488,0.5403912,0.10886216,0.5228573,0.15575266,-0.11448634,0.055076122,-1.0023334
447,-0.0007754564,-0.038895488,0.5404254,-0.38616693,-0.12407911,0.16053629,-0.11700547,-0.17445576,-1.0010684
448,-0.0034210682,-0.038895488,0.5403166,-0.057044983,-0.8412502,-0.84655476,-1.2006066,-1.4273255,-0.9929433
449,-0.0011258125,-0.038895488,0.5404011,-0.40051496,-0.14768124,0.14538145,-0.14209485,-0.19246638,-1.0054855
450,-0.0005904436,-0.038895488,0.5404173,-0.38552713,-0.12782335,0.15411353,-0.12110543,-0.1700629,-1.0055492
451,-0.001652956,-0.038895488,0.5404196,-0.40132415,-0.13398516,0.16005552,-0.12211621,-0.1800555,-1.0097175
452,-0.0026872158,-0.038895488,0.5403476,-0.06884754,-0.8344867,-0.8476316,-1.1682549,-1.3916345,-1.003969
453,-0.00029993057,-0.038895488,0.54039407,-0.38091218,-0.12295914,0.1522038,-0.11995721,-0.16851532,-0.99501574
454,-0.0012953281,-0.038895488,0.5403719,-0.39956915,-0.12378943,0.16145277,-0.098971725,-0.16735137,-0.9930326
455,-0.0042310953,-0.038895488,0.5403428,-0.057263494,-0.835292,-0.83936226,-1.1743023,-1.408467,-1.0001261
456,-0.0012640953,-0.038895488,0.54040504,-0.39036393,-0.12886667,0.16063976,-0.11629593,-0.17317235,-1.004003
457,-0.0032616854,-0.038895488,0.5403341,-0.07602024,-0.79688704,-0.80231774,-0.90911245,-1.2176654,-0.9830861
458,-0.0028482676,-0.038895488,0.54036033,-0.058814883,-0.8555945,-0.8477514,-1.2030642,-1.4315059,-1.0003877
459,0.00017273426,-0.038895488,0.5405177,0.08618212,0.7153585,0.46469152,0.011520147,0.24410176,-1.0016851
460,-0.0015718937,-0.038895488,0.5403607,-0.38498986,-0.13877308,0.15227401,-0.12805617,-0.1833154,-0.99438894
461,-0.0035535097,-0.038895488,0.54033923,-0.28513288,-0.39554584,-0.18606663,-0.5421766,-0.611305,-0.9819592
462,-0.0023691654,-0.038895488,0.54039073,-0.06753814,-0.8750789,-0.8838582,-1.2163551,-1.4313357,-1.0280573
463,-0.0037448406,-0.038895488,0.54037154,0.014437199,-0.6431813,-0.5777179,0.005842209,0.1372149,-0.83056915
464,-0.00041937828,-0.038895488,0.5403738,-0.047780037,-0.84207785,-0.8364552,-0.109303,0.05353248,-0.9958619
465,-0.0006271601,-0.038895488,0.5405675,0.80996037,0.70828867,0.48318422,0.07922065,0.12988198,0.31166852
466,-0.0076395273,-0.038895488,0.54042315,0.30995154,-0.080771446,0.18190062,0.53485787,-0.9817351,0.3549192
467,-0.0020067692,-0.038895488,0.54036295,-0.39493096,-0.13842344,0.15158963,-0.11831856,-0.18004322,-0.99840236
468,-0.0012882948,-0.038895488,0.5404247,-0.40673614,-0.1579243,0.14417458,-0.14200532,-0.19548786,-1.0153308
469,-0.002798438,-0.038895488,0.54043317,-0.29514825,-0.4958216,-0.3023225,-0.10599089,-0.45426583,-0.9819002
470,-0.0032516718,-0.038895488,0.54038894,-0.28916943,-0.432698,-0.23248708,-0.56748104,-0.68411386,-0.99519575
471,-0.0022835732,-0.038895488,0.540411,-0.40063667,-0.13926601,0.1566068,-0.12217927,-0.18139625,-1.0083435
472,-0.00041615963,-0.038895488,0.54040396,-0.04993224,-0.8736839,-0.86191905,-0.11563599,0.05657792,-1.0093107
473,-0.0027288198,-0.038895488,0.5403781,-0.06611323,-0.85374343,-0.8604456,-1.2087257,-1.4305425,-1.0124731
474,-0.0016793013,-0.038895488,0.5403937,-0.40570462,-0.14741254,0.1543603,-0.11717749,-0.17890811,-1.0055707
475,-0.0032368898,-0.038895488,0.54036915,-0.05189681,-0.85815287,-0.85751724,-1.2114847,-1.4421358,-1.0091133
476,-0.0012081861,-0.038895488,0.54041433,-0.413594,-0.117937684,0.17241704,-0.10904789,-0.1716857,-1.0058253
477,-0.007319927,-0.038895488,0.54042614,0.28794158,-0.17700529,0.06902325,0.42346478,-0.6500448,0.076601505
478,-0.004692912,-0.038895488,0.5404457,0.40261638,0.36893332,0.6267005,0.6422906,-0.88281083,0.37426257
479,-0.001229167,-0.038895488,0.54036987,-0.097259164,-0.834301,-0.8215281,-0.8659972,-1.2160864,-0.98962176
480,-0.0015262365,-0.038895488,0.5403608,-0.39236665,-0.1317972,0.15803099,-0.109731436,-0.17822516,-0.99445975
481,-0.0032202005,-0.038895488,0.5403608,-0.06237769,-0.84246826,-0.8480983,-1.1762483,-1.406748,-0.99921834
482,-0.0012727976,-0.038895488,0.54042006,-0.4047742,-0.13948083,0.16544473,-0.12538767,-0.1880647,-1.0118372
483,0.0011693239,-0.038895488,0.5403993,-0.050427318,-0.8413832,-0.8308008,-0.10287559,0.046281457,-1.0015144
484,-0.0010780096,-0.038895488,0.5403513,-0.04947841,-0.8175552,-0.81205916,-0.107519746,0.037735462,-0.99018085
485,-0.0024927855,-0.038895488,0.5403441,-0.061976314,-0.83179164,-0.8390993,-1.1754637,-1.3885438,-0.99336743
486,-0.0019601583,-0.038895488,0.54030025,-0.061811447,-0.82373965,-0.82037795,-1.1364603,-1.3710468,-0.9908712
487,-0.0030430555,-0.038895488,0.54037464,-0.22605205,-0.87608945,-0.853207,-0.09989846,-0.74411273,-1.0050375
488,-0.0014570951,-0.038895488,0.5404074,-0.40744817,-0.16245306,0.15412545,-0.121303916,-0.18894267,-1.0117052
489,-0.0015128851,-0.038895488,0.54040074,-0.39441478,-0.14046085,0.14742279,-0.13710558,-0.19048464,-1.002064
490,-0.00069999695,-0.038895488,0.5403651,-0.05068481,-0.85225403,-0.8371507,-0.10521197,0.05611205,-1.0004108
491,-0.0015223026,-0.038895488,0.5403906,-0.055814505,-0.8530172,-0.8456174,-0.11841607,0.047381163,-1.0010428
