,cpu_clock,l2_size,l3_size,num-cpus,mem_clock,mem_size
0,2.672224,846.0,134442.0,47.0,3069.0,461.0
1,3.1414177,706.0,70586.0,27.0,3198.0,376.0
2,3.9941266,256.0,2060.0,2.0,3200.0,32.0
3,3.959876,256.0,2770.0,2.0,3200.0,32.0
4,2.9641614,1023.0,171874.0,44.0,4.0,1050.0
5,3.2019606,576.0,22140.0,16.0,3199.0,381.0
6,2.5023203,584.0,367286.0,91.0,3149.0,1276.0
7,2.336536,1003.0,84662.0,63.0,2762.0,676.0
8,1.9945669,1021.0,52305.0,29.0,2679.0,257.0
9,2.3426464,680.0,309311.0,114.0,3081.0,1370.0
10,3.999246,256.0,2049.0,2.0,3200.0,32.0
11,3.877254,270.0,26265.0,6.0,3200.0,94.0
12,2.9823508,786.0,50783.0,11.0,3168.0,677.0
13,2.1305819,1020.0,65364.0,78.0,3151.0,1228.0
14,3.0465624,1022.0,65340.0,31.0,2833.0,489.0
15,2.684108,278.0,463942.0,46.0,3186.0,552.0
16,2.0123568,1000.0,79683.0,97.0,3178.0,2144.0
17,3.0817945,545.0,58399.0,16.0,3196.0,131.0
18,2.1969812,1021.0,45373.0,64.0,3008.0,1552.0
19,2.4267597,1017.0,97270.0,72.0,2957.0,1226.0
20,2.9183977,1023.0,72794.0,38.0,304.0,850.0
21,2.128399,1017.0,57460.0,66.0,2974.0,498.0
22,3.2002704,380.0,7905.0,3.0,3200.0,57.0
23,2.00979,976.0,121561.0,61.0,2764.0,438.0
24,3.0525246,690.0,152166.0,29.0,3197.0,320.0
25,2.055973,1022.0,77668.0,58.0,2431.0,309.0
26,2.81509,1023.0,22169.0,26.0,2842.0,1145.0
27,2.1677856,997.0,63568.0,38.0,500.0,705.0
28,2.1699924,1019.0,59961.0,56.0,2675.0,457.0
29,2.2294316,1024.0,47995.0,57.0,2983.0,792.0
30,2.6720114,402.0,387486.0,78.0,3186.0,1073.0
31,1.7861496,1011.0,23159.0,28.0,3151.0,347.0
32,2.0607605,1013.0,89892.0,85.0,3007.0,697.0
33,3.575649,385.0,5284.0,4.0,97.0,73.0
34,2.9698775,1023.0,50439.0,20.0,2986.0,641.0
35,2.0136535,1018.0,45455.0,50.0,2644.0,496.0
36,2.4306614,1021.0,41189.0,31.0,2567.0,393.0
37,2.7412488,1021.0,62314.0,34.0,2668.0,426.0
38,2.7439508,1023.0,57756.0,19.0,2807.0,246.0
39,2.4058666,985.0,140981.0,80.0,3183.0,1476.0
40,2.4665005,1017.0,77596.0,57.0,3015.0,1190.0
41,2.822947,1022.0,76251.0,36.0,2928.0,908.0
42,1.8751235,1017.0,46533.0,39.0,2487.0,199.0
43,2.193164,1012.0,70275.0,64.0,2932.0,1253.0
44,2.299542,1017.0,41802.0,50.0,2866.0,740.0
45,2.489358,1022.0,52998.0,36.0,2758.0,328.0
46,2.3743663,1024.0,8439.0,34.0,2721.0,377.0
47,3.4263835,514.0,51035.0,12.0,3200.0,253.0
48,3.2984657,1023.0,51219.0,22.0,2888.0,215.0
49,2.5119529,1009.0,42249.0,60.0,3183.0,1681.0
50,2.3038335,1022.0,77633.0,23.0,2644.0,202.0
51,2.0172296,979.0,146000.0,76.0,3088.0,546.0
52,2.2689931,623.0,341558.0,118.0,3078.0,1385.0
53,2.5380015,1021.0,54790.0,72.0,2399.0,1626.0
54,2.019547,1023.0,10312.0,19.0,2829.0,419.0
55,2.7195864,1022.0,53298.0,39.0,2933.0,658.0
56,2.3307753,1011.0,82286.0,52.0,2969.0,961.0
57,3.2198756,1022.0,82071.0,28.0,2671.0,237.0
58,2.9218888,675.0,80142.0,32.0,3193.0,255.0
59,2.629879,1024.0,35790.0,25.0,703.0,499.0
60,2.5752873,974.0,251113.0,97.0,2.0,1964.0
61,3.9995427,256.0,2053.0,2.0,3200.0,32.0
62,2.5057871,766.0,237261.0,84.0,3089.0,719.0
63,2.6407833,1021.0,48890.0,30.0,2638.0,428.0
64,2.0492036,1017.0,95302.0,74.0,2496.0,360.0
65,2.2640898,1018.0,74688.0,59.0,2619.0,483.0
66,2.5506194,1019.0,75772.0,39.0,2750.0,490.0
67,2.5318325,1020.0,74846.0,43.0,2563.0,511.0
68,2.110908,811.0,102349.0,42.0,2957.0,243.0
69,2.3701117,1019.0,44188.0,38.0,2553.0,432.0
70,2.8709967,793.0,164664.0,50.0,3192.0,1628.0
71,2.2080235,1017.0,87012.0,63.0,2699.0,585.0
72,2.01069,914.0,196994.0,73.0,2992.0,502.0
73,1.793827,1020.0,24116.0,23.0,2810.0,200.0
74,2.2649653,1023.0,55950.0,36.0,2659.0,288.0
75,2.2419467,1020.0,50440.0,34.0,2662.0,355.0
76,1.9269154,1023.0,32000.0,35.0,2965.0,408.0
77,2.241552,1011.0,135109.0,89.0,2885.0,2043.0
78,1.9601859,931.0,196026.0,101.0,2985.0,801.0
79,2.8214965,478.0,310539.0,71.0,3159.0,295.0
80,3.0831733,754.0,142466.0,47.0,3196.0,863.0
81,2.401894,1022.0,54896.0,46.0,2728.0,743.0
82,1.9190366,1019.0,37658.0,36.0,2814.0,331.0
83,2.373499,1023.0,77524.0,39.0,2679.0,271.0
84,3.7911801,287.0,2998.0,3.0,3200.0,40.0
85,2.4386454,1024.0,43263.0,46.0,3109.0,1544.0
86,2.93113,737.0,9628.0,10.0,3195.0,72.0
87,2.0154705,1019.0,81299.0,48.0,2761.0,400.0
88,2.9606886,1023.0,34388.0,29.0,3081.0,1652.0
89,3.12142,1023.0,43473.0,34.0,2920.0,604.0
90,3.0606146,1021.0,63561.0,38.0,2883.0,676.0
91,2.0244763,1018.0,77032.0,60.0,2938.0,1056.0
92,2.3514445,1022.0,50219.0,37.0,2859.0,391.0
93,3.2821531,1023.0,88285.0,35.0,2917.0,981.0
94,2.0751758,1018.0,55678.0,44.0,2657.0,380.0
95,3.0507655,1023.0,28945.0,11.0,2935.0,448.0
96,2.174584,1022.0,59940.0,38.0,2609.0,282.0
97,2.2909465,1020.0,49383.0,40.0,2681.0,566.0
98,3.3992112,1023.0,73465.0,13.0,33.0,436.0
99,2.3763924,1020.0,61948.0,45.0,2922.0,875.0
100,2.2149715,1012.0,127790.0,85.0,2934.0,1182.0
101,1.9486749,1020.0,48063.0,38.0,2828.0,488.0
102,2.412906,999.0,105373.0,24.0,2681.0,2462.0
103,2.481817,1024.0,17753.0,58.0,3164.0,2338.0
104,2.2797346,1021.0,42883.0,38.0,2725.0,371.0
105,3.0537553,1022.0,32213.0,26.0,2825.0,731.0
106,2.794905,520.0,86656.0,27.0,3200.0,351.0
107,3.6010818,301.0,325031.0,14.0,3197.0,967.0
108,2.956497,1023.0,20416.0,36.0,2834.0,2889.0
109,3.7250798,1024.0,37838.0,22.0,3121.0,1164.0
110,2.5876703,1023.0,57150.0,21.0,2753.0,211.0
111,2.8133578,1021.0,71629.0,38.0,2703.0,580.0
112,1.9729626,1021.0,49528.0,40.0,2756.0,403.0
113,2.6385045,1023.0,51661.0,27.0,2853.0,321.0
114,2.1373181,1021.0,51767.0,96.0,2568.0,1109.0
115,2.0314448,1021.0,60181.0,79.0,2937.0,621.0
116,3.684698,286.0,78997.0,13.0,3200.0,197.0
117,2.2987435,1023.0,38662.0,23.0,2861.0,337.0
118,2.3928244,1022.0,56165.0,39.0,2654.0,821.0
119,2.2304935,1019.0,45378.0,46.0,2809.0,789.0
120,2.8281825,1020.0,78772.0,53.0,2448.0,567.0
121,2.3676605,1018.0,50177.0,49.0,2770.0,899.0
122,1.9360615,1016.0,40555.0,61.0,3092.0,794.0
123,3.5112693,1016.0,55959.0,24.0,477.0,996.0
124,2.579808,805.0,284451.0,104.0,3160.0,1699.0
125,2.8085427,677.0,186146.0,54.0,3171.0,799.0
126,2.3686023,1023.0,40930.0,32.0,2912.0,499.0
127,2.5580223,1013.0,67652.0,48.0,3091.0,912.0
128,2.049339,1018.0,52648.0,71.0,3002.0,801.0
129,3.052397,1023.0,36002.0,42.0,2983.0,755.0
130,2.288635,1022.0,50725.0,37.0,2537.0,293.0
131,2.15667,1020.0,41090.0,33.0,2743.0,428.0
132,1.8801107,1021.0,28797.0,30.0,2929.0,516.0
133,2.8024669,1023.0,28093.0,19.0,2998.0,921.0
134,1.9859387,1024.0,12621.0,29.0,2952.0,433.0
135,2.944046,927.0,254831.0,87.0,3011.0,577.0
136,1.9507434,1014.0,66667.0,73.0,2333.0,445.0
137,2.6784341,532.0,398086.0,86.0,3063.0,679.0
138,2.7534268,615.0,53239.0,27.0,3194.0,177.0
139,1.8594581,1022.0,25051.0,17.0,2582.0,196.0
140,2.2038276,1020.0,91128.0,60.0,2506.0,326.0
141,2.1567671,1021.0,55734.0,46.0,3159.0,1313.0
142,2.117932,1024.0,31257.0,45.0,2269.0,759.0
143,3.5333576,265.0,152847.0,10.0,3196.0,209.0
144,2.8710444,814.0,155034.0,24.0,3166.0,570.0
145,2.7536964,1022.0,97812.0,45.0,2708.0,518.0
146,2.164066,1022.0,37443.0,35.0,2663.0,399.0
147,2.2765393,1022.0,59295.0,33.0,2711.0,273.0
148,2.929346,1021.0,44250.0,28.0,2870.0,760.0
149,3.171547,1023.0,33468.0,32.0,3089.0,1777.0
150,2.0364184,1020.0,75017.0,44.0,2461.0,216.0
151,3.0732718,376.0,20598.0,9.0,3188.0,67.0
152,3.8721356,264.0,17079.0,3.0,3200.0,102.0
153,2.1954389,1021.0,68469.0,37.0,2629.0,371.0
154,1.8616388,1017.0,35147.0,37.0,2825.0,325.0
155,2.363346,1022.0,54436.0,47.0,2834.0,597.0
156,2.2221107,939.0,191769.0,80.0,2775.0,1059.0
157,2.529047,1023.0,49298.0,30.0,2925.0,419.0
158,2.5611525,1021.0,66175.0,42.0,2758.0,627.0
159,2.8763378,1021.0,74159.0,60.0,2828.0,892.0
160,2.994009,1024.0,59336.0,24.0,3066.0,891.0
161,2.3610268,1016.0,96694.0,55.0,2860.0,653.0
162,2.0365834,1022.0,29532.0,28.0,3010.0,915.0
163,2.1734393,1018.0,92775.0,65.0,2749.0,515.0
164,1.9615782,1023.0,36892.0,35.0,2408.0,271.0
165,1.910758,1022.0,62260.0,59.0,2453.0,280.0
166,1.907455,1023.0,12928.0,45.0,24.0,907.0
167,2.0314038,1023.0,43158.0,26.0,2668.0,244.0
168,2.7770948,881.0,6486.0,5.0,3195.0,72.0
169,2.9481184,397.0,359832.0,61.0,3176.0,1422.0
170,2.075694,1005.0,55004.0,60.0,3088.0,931.0
171,2.6119804,1022.0,50567.0,34.0,2732.0,453.0
172,2.7594018,1022.0,143754.0,101.0,4.0,2035.0
173,1.9226615,1022.0,27855.0,35.0,2747.0,619.0
174,1.9737065,1019.0,41997.0,67.0,2908.0,767.0
175,3.0399857,1022.0,49758.0,32.0,2988.0,682.0
176,3.6694882,285.0,111803.0,11.0,3199.0,406.0
177,1.8869336,1022.0,37316.0,48.0,2560.0,301.0
178,2.5913486,954.0,201062.0,58.0,238.0,1851.0
179,2.3825343,1021.0,51514.0,50.0,2813.0,808.0
180,2.3010805,1022.0,71746.0,48.0,2605.0,329.0
181,2.5684397,1023.0,76688.0,62.0,1172.0,821.0
182,2.0498714,1019.0,85337.0,72.0,2614.0,477.0
183,3.1040142,1023.0,128576.0,22.0,2667.0,672.0
184,3.3186553,1023.0,67405.0,21.0,3001.0,296.0
185,2.8258157,1020.0,57253.0,29.0,2840.0,694.0
186,2.2453995,1021.0,60634.0,26.0,2686.0,264.0
187,3.9751236,256.0,2753.0,2.0,3200.0,36.0
188,3.9907758,258.0,2107.0,2.0,3200.0,32.0
189,3.5741794,264.0,378949.0,16.0,3198.0,334.0
190,2.2599914,810.0,321043.0,117.0,3107.0,2510.0
191,3.9999719,256.0,2049.0,2.0,3200.0,32.0
192,2.7906396,874.0,94217.0,32.0,859.0,422.0
193,2.8023467,347.0,456737.0,95.0,3189.0,958.0
194,2.735348,1024.0,27457.0,24.0,2958.0,1397.0
195,2.663164,1022.0,62502.0,26.0,2961.0,809.0
196,2.2770889,1015.0,48778.0,74.0,3051.0,1761.0
197,3.9506226,257.0,5158.0,2.0,3200.0,44.0
198,2.2768142,1023.0,41232.0,40.0,2853.0,541.0
199,2.8386233,565.0,46378.0,17.0,3199.0,329.0
200,3.3540194,510.0,49421.0,19.0,3194.0,505.0
201,3.623963,276.0,121326.0,22.0,3200.0,1378.0
202,2.7212896,1023.0,60122.0,17.0,2811.0,1089.0
203,1.8192475,1018.0,39034.0,42.0,2967.0,408.0
204,2.972326,1022.0,58229.0,29.0,2364.0,276.0
205,2.0329738,1022.0,29930.0,29.0,2801.0,357.0
206,2.6060991,721.0,281559.0,94.0,3189.0,981.0
207,1.9992614,1014.0,80012.0,167.0,0.0,2435.0
208,2.468069,1022.0,35662.0,24.0,2672.0,242.0
209,1.9478753,1022.0,19674.0,21.0,2930.0,879.0
210,1.8427566,1004.0,109033.0,46.0,2752.0,205.0
211,2.2202446,1022.0,19099.0,28.0,2864.0,280.0
212,3.4158905,1023.0,46048.0,26.0,2911.0,782.0
213,2.3980136,1021.0,46338.0,31.0,2732.0,418.0
214,3.1013927,424.0,124529.0,27.0,3197.0,435.0
215,1.9052541,1023.0,42900.0,72.0,3018.0,886.0
216,2.2138693,1021.0,34497.0,39.0,3070.0,802.0
217,3.0494325,1021.0,90725.0,30.0,2777.0,428.0
218,3.0256517,1022.0,54483.0,22.0,2802.0,373.0
219,2.0166602,1020.0,67632.0,54.0,2711.0,443.0
220,2.247137,1022.0,44871.0,72.0,2974.0,2286.0
221,1.8956454,1021.0,80929.0,102.0,1356.0,1230.0
222,2.2513971,1022.0,49217.0,54.0,2891.0,458.0
223,2.1078758,946.0,194930.0,93.0,3182.0,1978.0
224,2.493387,1011.0,72301.0,42.0,2983.0,426.0
225,3.9735384,259.0,2058.0,2.0,3200.0,32.0
226,3.10655,1022.0,62124.0,23.0,2681.0,418.0
227,3.9700675,256.0,3671.0,2.0,3200.0,44.0
228,1.9200989,1005.0,82266.0,96.0,3092.0,1394.0
229,2.9511433,1023.0,37373.0,31.0,3001.0,1189.0
230,2.4989347,1022.0,81096.0,43.0,2669.0,382.0
231,2.1430805,1018.0,69216.0,59.0,2831.0,584.0
232,2.3170187,1022.0,57188.0,83.0,3123.0,1471.0
233,2.3272955,1023.0,35779.0,32.0,3071.0,520.0
234,2.3949528,1021.0,45171.0,41.0,2805.0,530.0
235,1.8951392,1016.0,47229.0,75.0,3124.0,865.0
236,2.6663268,1020.0,65236.0,47.0,2948.0,1390.0
237,1.83317,1023.0,24053.0,26.0,2978.0,449.0
238,2.418773,1019.0,57144.0,64.0,2886.0,1006.0
239,3.5828483,578.0,62581.0,15.0,3198.0,664.0
240,2.5606418,1017.0,78708.0,36.0,2871.0,540.0
241,2.4813805,1022.0,83468.0,22.0,2749.0,400.0
242,2.3514287,991.0,10341.0,22.0,3148.0,379.0
243,2.2541697,1009.0,72235.0,31.0,2928.0,693.0
244,2.0666196,1023.0,37969.0,39.0,3006.0,344.0
245,2.4453177,1018.0,95916.0,72.0,2838.0,672.0
246,3.9998603,256.0,2050.0,2.0,3200.0,32.0
247,2.66913,1022.0,68625.0,36.0,2675.0,314.0
248,2.0648756,1017.0,63565.0,60.0,2749.0,574.0
249,2.9062958,1023.0,83380.0,27.0,2570.0,389.0
250,2.5753543,1023.0,35743.0,33.0,3008.0,1356.0
251,2.8297584,1018.0,102514.0,58.0,3001.0,1234.0
252,2.312275,1023.0,39745.0,27.0,3022.0,636.0
253,3.1185687,1023.0,45747.0,32.0,2930.0,566.0
254,2.1510756,1015.0,66092.0,54.0,2558.0,442.0
255,2.3323073,991.0,61399.0,66.0,3135.0,1036.0
256,2.7508695,1023.0,48130.0,32.0,2977.0,482.0
257,2.4022622,947.0,95532.0,61.0,3175.0,1319.0
258,1.9141133,1023.0,13020.0,22.0,2350.0,428.0
259,2.0034668,1018.0,47256.0,40.0,2773.0,439.0
260,2.4806986,1022.0,49872.0,41.0,2664.0,567.0
261,2.5010958,1009.0,87100.0,53.0,3159.0,1146.0
262,2.4043517,1023.0,44315.0,20.0,2830.0,449.0
263,2.1331542,1012.0,33269.0,55.0,3199.0,1427.0
264,2.3283732,1022.0,57882.0,32.0,2616.0,257.0
265,1.9157078,1022.0,77922.0,27.0,2559.0,215.0
266,2.1720629,981.0,152214.0,117.0,3096.0,1805.0
267,3.4465632,1023.0,60571.0,58.0,2972.0,2297.0
268,1.7563398,1021.0,19610.0,33.0,3112.0,986.0
269,3.9984634,256.0,2136.0,2.0,3200.0,32.0
270,3.211683,1023.0,77499.0,57.0,2743.0,994.0
271,2.0653877,1023.0,43577.0,34.0,2810.0,406.0
272,3.9984257,256.0,2255.0,2.0,3200.0,32.0
273,3.3083215,1024.0,67175.0,33.0,2313.0,1263.0
274,2.165255,1022.0,29933.0,30.0,2756.0,219.0
275,3.9771419,258.0,2146.0,2.0,3200.0,34.0
276,3.274618,1022.0,68087.0,36.0,3111.0,1782.0
277,2.5066226,1016.0,76019.0,72.0,2724.0,699.0
278,2.3074234,1015.0,87315.0,58.0,2713.0,491.0
279,3.0739038,1023.0,38952.0,26.0,2906.0,305.0
280,3.1015146,339.0,173139.0,17.0,3197.0,129.0
281,3.315642,1023.0,87144.0,21.0,2167.0,1336.0
282,3.6247578,302.0,27406.0,4.0,3200.0,118.0
283,3.7195506,270.0,44717.0,5.0,3200.0,143.0
284,1.9727951,1023.0,17110.0,39.0,3103.0,768.0
285,3.5381446,1023.0,45730.0,17.0,2953.0,710.0
286,2.4461405,1023.0,58495.0,32.0,2778.0,197.0
287,2.6090472,1023.0,91701.0,52.0,501.0,1095.0
288,2.1939094,1011.0,15916.0,35.0,3198.0,225.0
289,2.1341188,1016.0,87765.0,69.0,2751.0,544.0
290,2.8092585,1023.0,71076.0,27.0,2504.0,304.0
291,2.228345,1021.0,54160.0,53.0,3062.0,1884.0
292,2.6073253,1019.0,23655.0,51.0,1181.0,844.0
293,2.911099,1022.0,83782.0,37.0,2695.0,301.0
294,2.1375036,1021.0,75523.0,55.0,2547.0,374.0
295,2.1238425,1012.0,115343.0,80.0,2980.0,1724.0
296,1.7914994,1023.0,17756.0,24.0,2946.0,260.0
297,1.895103,1022.0,34347.0,39.0,2848.0,446.0
298,3.7366455,1024.0,67023.0,35.0,3091.0,3226.0
299,2.6456575,1021.0,45791.0,37.0,2849.0,855.0
300,2.4960449,1021.0,51704.0,39.0,2800.0,694.0
301,2.3774307,1020.0,67608.0,48.0,2744.0,887.0
302,2.2199588,1017.0,76814.0,66.0,2792.0,755.0
303,2.6210294,1021.0,119156.0,58.0,2468.0,904.0
304,2.1882284,1021.0,64764.0,61.0,2719.0,448.0
305,2.0185018,1018.0,76950.0,84.0,2707.0,809.0
306,1.9442285,1014.0,39195.0,28.0,2962.0,424.0
307,2.3696487,932.0,175000.0,74.0,2974.0,813.0
308,3.0532176,1022.0,497434.0,149.0,0.0,2742.0
309,2.3617942,1019.0,72271.0,46.0,3047.0,841.0
310,2.5759318,1023.0,32530.0,52.0,3152.0,2394.0
311,2.0817108,1021.0,55167.0,31.0,2864.0,295.0
312,2.0048826,1024.0,46749.0,42.0,3059.0,515.0
313,3.3381166,1023.0,67378.0,27.0,2677.0,997.0
314,3.4646559,1023.0,54468.0,35.0,2750.0,967.0
315,1.9651136,990.0,121352.0,87.0,2728.0,572.0
316,2.3984635,877.0,199003.0,79.0,3084.0,1411.0
317,2.0687692,1014.0,84580.0,81.0,2958.0,737.0
318,2.0492754,1016.0,32058.0,36.0,3194.0,852.0
319,3.9931056,256.0,2167.0,2.0,3200.0,37.0
320,2.5424416,1023.0,49752.0,43.0,2976.0,755.0
321,2.7697275,1023.0,43581.0,19.0,2561.0,131.0
322,2.1587996,1020.0,64692.0,40.0,2581.0,324.0
323,2.337459,1023.0,48408.0,47.0,2907.0,495.0
324,2.490166,1016.0,57733.0,42.0,2976.0,907.0
325,3.9990761,256.0,2099.0,2.0,3200.0,32.0
326,2.702045,1016.0,46945.0,21.0,2815.0,728.0
327,2.0255914,1017.0,48197.0,35.0,2871.0,248.0
328,2.2543354,989.0,152444.0,59.0,2775.0,630.0
329,3.4481218,308.0,4058.0,4.0,167.0,181.0
330,3.8945181,268.0,11690.0,4.0,3200.0,58.0
331,2.622838,1022.0,68917.0,56.0,2642.0,785.0
332,2.0145254,1022.0,24705.0,24.0,2900.0,606.0
333,2.1211536,1022.0,41972.0,20.0,2690.0,264.0
334,2.3294387,1011.0,62048.0,49.0,2910.0,440.0
335,2.6208103,334.0,250000.0,41.0,3196.0,398.0
336,2.7846084,603.0,145207.0,34.0,3192.0,2205.0
337,1.9214867,1022.0,25789.0,28.0,2844.0,667.0
338,2.2438548,1020.0,44114.0,45.0,3082.0,974.0
339,2.3855858,1022.0,49128.0,50.0,2.0,2300.0
340,2.1310096,1012.0,91677.0,68.0,2688.0,400.0
341,2.2629616,1021.0,30862.0,40.0,2903.0,920.0
342,2.088027,1017.0,29684.0,36.0,3006.0,787.0
343,3.9644947,260.0,2232.0,2.0,3200.0,34.0
344,2.1172702,928.0,103359.0,44.0,3149.0,896.0
345,3.1014843,1023.0,39723.0,37.0,2830.0,860.0
346,1.9027059,1016.0,56792.0,48.0,2734.0,586.0
347,2.7884088,1019.0,66009.0,35.0,2815.0,715.0
348,2.4303615,1022.0,94881.0,49.0,2593.0,461.0
349,2.3186548,941.0,209715.0,86.0,2887.0,561.0
350,2.3732474,1011.0,59455.0,65.0,3195.0,3175.0
351,2.1480525,1019.0,59568.0,40.0,2531.0,310.0
352,2.967604,1020.0,43666.0,31.0,2681.0,703.0
353,3.875419,1024.0,48487.0,12.0,2938.0,397.0
354,2.0297253,978.0,130834.0,90.0,2938.0,658.0
355,2.1996622,1022.0,71708.0,60.0,2806.0,783.0
356,3.5583997,1023.0,63506.0,18.0,2640.0,579.0
357,2.566583,736.0,246480.0,92.0,3072.0,1271.0
358,2.3857212,1023.0,46822.0,32.0,2643.0,278.0
359,3.9997542,256.0,2078.0,2.0,3200.0,32.0
360,3.0641701,1023.0,70818.0,23.0,2790.0,256.0
361,2.1515758,996.0,79647.0,41.0,3060.0,297.0
362,3.9994676,256.0,2068.0,2.0,3200.0,32.0
363,2.3101358,1013.0,79873.0,88.0,3124.0,1807.0
364,2.8534052,1022.0,38202.0,23.0,2953.0,522.0
365,3.0117466,1022.0,65075.0,18.0,2582.0,318.0
366,1.9634134,1015.0,73408.0,62.0,2881.0,807.0
367,3.1549778,1020.0,50032.0,26.0,3027.0,1501.0
368,2.2752347,1022.0,67531.0,48.0,2796.0,523.0
369,2.926979,1024.0,20431.0,21.0,3176.0,1945.0
370,2.308803,1020.0,64586.0,38.0,2588.0,226.0
371,1.8475134,1022.0,25858.0,36.0,2961.0,625.0
372,3.272545,1023.0,42517.0,14.0,2782.0,295.0
373,3.3959808,1022.0,43128.0,12.0,2868.0,349.0
374,2.8298376,553.0,277435.0,71.0,3149.0,750.0
375,1.9492003,1021.0,26289.0,12.0,2913.0,445.0
376,2.4830482,1022.0,66305.0,38.0,2695.0,269.0
377,2.316367,1018.0,69304.0,54.0,2859.0,670.0
378,2.2675905,548.0,330145.0,66.0,3055.0,575.0
379,2.000689,1000.0,87749.0,54.0,2451.0,304.0
380,3.9952424,257.0,2706.0,2.0,3200.0,33.0
381,2.304624,1022.0,41081.0,39.0,2809.0,810.0
382,3.5150702,1022.0,43846.0,20.0,2925.0,552.0
383,2.1146836,1022.0,36930.0,29.0,2876.0,675.0
384,3.5643103,1023.0,135447.0,73.0,723.0,1320.0
385,2.4921792,1021.0,62266.0,38.0,2661.0,385.0
386,2.6168163,1020.0,47659.0,44.0,3100.0,1489.0
387,2.4362223,1023.0,32669.0,25.0,3000.0,527.0
388,2.0552583,1009.0,85704.0,66.0,3119.0,679.0
389,2.132059,1019.0,56260.0,82.0,2795.0,803.0
390,2.4467576,1021.0,107326.0,82.0,2954.0,1516.0
391,2.45396,1020.0,48573.0,43.0,2998.0,846.0
392,3.1215804,1023.0,32562.0,22.0,2990.0,1152.0
393,2.2125335,1021.0,43456.0,33.0,2734.0,398.0
394,2.7273614,1022.0,40733.0,30.0,2995.0,593.0
395,3.1541393,682.0,231111.0,52.0,3075.0,1055.0
396,3.9999847,256.0,2048.0,2.0,3200.0,32.0
397,2.2161994,1022.0,45924.0,20.0,2778.0,244.0
398,1.7879996,1022.0,21235.0,17.0,2802.0,177.0
399,2.913099,1022.0,79899.0,51.0,2889.0,822.0
400,1.9256245,1022.0,31455.0,29.0,2878.0,455.0
401,2.423143,486.0,412140.0,85.0,3177.0,1732.0
402,1.9963471,1020.0,43030.0,78.0,3163.0,1117.0
403,2.671633,1019.0,65473.0,45.0,2851.0,980.0
404,2.4587426,1022.0,47818.0,28.0,2681.0,277.0
405,2.1052217,1022.0,53525.0,51.0,2805.0,542.0
406,3.9972384,256.0,2219.0,2.0,3200.0,32.0
407,2.1966665,1023.0,44276.0,42.0,2166.0,898.0
408,2.1430523,1018.0,52087.0,32.0,2186.0,205.0
409,2.1130772,987.0,80078.0,60.0,2960.0,362.0
410,1.8762877,1023.0,10053.0,14.0,2954.0,625.0
411,2.3647652,1022.0,39333.0,24.0,2461.0,195.0
412,2.9757583,971.0,279069.0,109.0,0.0,3017.0
413,2.4572847,1023.0,36880.0,36.0,2919.0,405.0
414,2.9551673,1022.0,46933.0,43.0,3090.0,1954.0
415,3.0400612,1024.0,43174.0,69.0,2132.0,1430.0
416,2.1219008,1019.0,46149.0,39.0,2746.0,375.0
417,1.91217,1023.0,13458.0,45.0,3186.0,1686.0
418,2.554402,1023.0,34133.0,79.0,3129.0,2053.0
419,2.374363,1023.0,25616.0,11.0,2874.0,260.0
420,3.18361,288.0,122062.0,21.0,3199.0,166.0
421,1.8945987,1024.0,12229.0,49.0,3105.0,1436.0
422,2.0127056,1016.0,70628.0,60.0,2828.0,416.0
423,2.6817706,1024.0,87381.0,32.0,1589.0,671.0
424,2.4305358,1022.0,53675.0,34.0,2822.0,358.0
425,2.0657248,1010.0,83754.0,80.0,2485.0,554.0
426,3.9529867,257.0,3515.0,2.0,3200.0,34.0
427,2.9833338,1022.0,72139.0,28.0,2537.0,310.0
428,2.8730855,1023.0,54712.0,22.0,2883.0,515.0
429,2.8185549,1014.0,71796.0,51.0,3126.0,2184.0
430,2.1838233,1024.0,27542.0,31.0,3081.0,823.0
431,3.7676024,278.0,2058.0,2.0,98.0,32.0
432,2.060974,999.0,81819.0,47.0,2931.0,395.0
433,2.116144,1021.0,23759.0,22.0,2779.0,442.0
434,2.0601063,859.0,226642.0,75.0,2892.0,757.0
435,2.6696925,992.0,55425.0,26.0,1455.0,283.0
436,2.1629252,1022.0,49179.0,45.0,2675.0,418.0
437,2.5656888,1015.0,69821.0,39.0,2982.0,737.0
438,2.0239553,1020.0,48444.0,62.0,2792.0,677.0
439,1.918804,1017.0,21053.0,38.0,3193.0,1244.0
440,1.8893116,1020.0,42422.0,49.0,2973.0,524.0
441,2.1337967,1023.0,59515.0,54.0,2619.0,311.0
442,2.0084,957.0,23598.0,16.0,3091.0,944.0
443,2.4271295,1012.0,73569.0,49.0,2817.0,719.0
444,3.623296,1023.0,43545.0,26.0,3059.0,710.0
445,2.1390963,1022.0,46765.0,39.0,2951.0,440.0
446,2.0373538,1023.0,18849.0,49.0,10.0,1982.0
447,3.1979525,1021.0,346243.0,83.0,0.0,1216.0
448,2.8890588,1023.0,41598.0,42.0,3065.0,2170.0
449,2.5477483,1023.0,28655.0,27.0,3073.0,1005.0
450,3.820749,259.0,2141.0,2.0,3187.0,34.0
451,2.7635548,1022.0,72330.0,28.0,2847.0,432.0
452,3.9999828,256.0,2050.0,2.0,3200.0,32.0
453,2.6218565,592.0,341344.0,70.0,3165.0,2023.0
454,2.5356076,987.0,45440.0,40.0,3180.0,1935.0
455,2.4012039,1022.0,51396.0,43.0,2841.0,521.0
456,2.1437788,1020.0,30963.0,40.0,2553.0,507.0
457,2.6495569,1020.0,66830.0,40.0,2849.0,590.0
458,2.4546118,1024.0,51054.0,36.0,2631.0,131.0
459,3.029332,1023.0,47270.0,22.0,2847.0,494.0
460,1.8932053,1021.0,24602.0,22.0,3010.0,468.0
461,2.7681108,1022.0,72435.0,43.0,2617.0,587.0
462,2.0889816,1022.0,53787.0,29.0,2544.0,258.0
463,2.6538084,1023.0,65283.0,50.0,2831.0,395.0
464,3.572385,270.0,145051.0,14.0,3199.0,278.0
465,3.5093992,985.0,185274.0,22.0,3036.0,2207.0
466,2.2559934,1022.0,57320.0,24.0,2561.0,239.0
467,2.1841702,1022.0,34847.0,40.0,2930.0,627.0
468,2.2982621,1013.0,79949.0,55.0,2541.0,484.0
469,1.8695468,1023.0,16070.0,17.0,2699.0,577.0
470,2.3850088,1018.0,74312.0,69.0,3071.0,1202.0
471,3.610484,1024.0,57280.0,17.0,3048.0,1123.0
472,2.6248739,1022.0,69265.0,28.0,2723.0,430.0
473,2.1706111,1022.0,54388.0,34.0,2521.0,258.0
474,2.4117866,993.0,80868.0,39.0,3016.0,708.0
475,2.2159483,1002.0,143342.0,80.0,3063.0,655.0
476,3.07822,1023.0,70032.0,17.0,2708.0,538.0
477,1.9576696,1019.0,41438.0,24.0,2591.0,208.0
478,2.5820644,1022.0,43067.0,37.0,2999.0,1055.0
479,3.3511994,1022.0,73771.0,17.0,2618.0,339.0
480,2.0554595,1021.0,44357.0,31.0,2538.0,297.0
481,3.2414527,1006.0,66436.0,33.0,3173.0,1550.0
482,2.5888097,1023.0,41891.0,27.0,3066.0,682.0
483,2.4803336,1022.0,57609.0,11.0,2829.0,261.0
484,3.0229087,339.0,73029.0,15.0,3194.0,107.0
485,3.030804,388.0,527439.0,58.0,3194.0,1898.0
486,2.290926,1018.0,45078.0,40.0,3165.0,1083.0
487,2.2769628,1019.0,62305.0,59.0,2626.0,554.0
488,2.084007,1019.0,62460.0,47.0,2313.0,325.0
489,3.9922428,256.0,2060.0,2.0,3200.0,32.0
490,2.6317742,1022.0,89511.0,33.0,2676.0,371.0
491,2.734059,1023.0,57404.0,42.0,2549.0,733.0
492,2.361139,1024.0,53547.0,49.0,2802.0,1128.0
493,2.1305358,1020.0,52663.0,36.0,2664.0,358.0
494,2.0131533,959.0,82568.0,39.0,3014.0,288.0
495,2.170648,1018.0,71473.0,55.0,2677.0,385.0
496,2.6946306,1022.0,61989.0,32.0,2524.0,305.0
497,2.7616422,1022.0,33960.0,41.0,3011.0,932.0
498,2.4974136,1008.0,144411.0,60.0,3108.0,1031.0
499,3.552688,1023.0,75908.0,28.0,2829.0,1319.0
500,2.7372482,1015.0,120961.0,54.0,2747.0,914.0
501,3.0479627,1023.0,77045.0,38.0,2810.0,1364.0
502,3.4389741,1023.0,47990.0,19.0,2277.0,861.0
503,2.8634171,917.0,38819.0,29.0,3111.0,1281.0
504,2.0054414,1022.0,60017.0,63.0,2628.0,619.0
505,1.9814837,1019.0,58523.0,89.0,2901.0,823.0
506,2.7672052,1022.0,43295.0,32.0,2875.0,597.0
507,2.051741,970.0,97951.0,63.0,3130.0,617.0
508,2.2219524,1022.0,41264.0,37.0,2880.0,493.0
509,1.8100777,1023.0,18707.0,15.0,2749.0,150.0
510,2.2104976,1021.0,96050.0,58.0,2721.0,616.0
511,3.1658173,300.0,265214.0,61.0,3199.0,635.0
512,3.787955,1023.0,32475.0,11.0,3117.0,925.0
513,2.354001,1020.0,69023.0,42.0,2539.0,377.0
514,1.7648537,1023.0,13281.0,18.0,2854.0,340.0
515,2.1856377,1020.0,56546.0,61.0,2882.0,535.0
516,3.2877321,1023.0,44745.0,25.0,3003.0,575.0
517,2.1499715,1020.0,44151.0,39.0,2765.0,353.0
518,2.1380494,1018.0,81098.0,54.0,2531.0,393.0
519,2.3057582,821.0,180642.0,52.0,3071.0,867.0
520,2.199151,1020.0,63771.0,58.0,2929.0,611.0
521,2.1268036,1023.0,42614.0,64.0,2378.0,1933.0
522,2.670698,1022.0,61478.0,40.0,2844.0,650.0
523,3.9244838,283.0,4618.0,3.0,3200.0,40.0
524,2.9495432,1023.0,96708.0,81.0,37.0,2080.0
525,2.0706434,1014.0,71420.0,63.0,2806.0,582.0
526,2.107258,1023.0,40222.0,25.0,2868.0,265.0
527,2.4933653,1023.0,32853.0,38.0,3166.0,1645.0
528,2.0677643,1022.0,70464.0,41.0,2857.0,484.0
529,2.2688022,1022.0,35480.0,27.0,3007.0,697.0
530,1.8003616,1023.0,39447.0,17.0,2579.0,147.0
531,2.2766197,1021.0,49367.0,41.0,2783.0,446.0
532,2.1969965,981.0,176829.0,103.0,2816.0,1064.0
533,2.273146,1023.0,49194.0,41.0,2942.0,530.0
534,3.4804032,316.0,102222.0,15.0,3199.0,259.0
535,2.626634,856.0,137674.0,50.0,3182.0,748.0
536,2.7004728,1021.0,52196.0,29.0,2954.0,754.0
537,2.7869372,1022.0,50671.0,28.0,2763.0,351.0
538,2.6940014,1021.0,40002.0,23.0,2571.0,286.0
539,2.3307097,1020.0,49030.0,35.0,2761.0,362.0
540,2.1195192,906.0,215670.0,78.0,3084.0,1178.0
541,3.19104,1023.0,30450.0,17.0,2993.0,398.0
542,2.2806723,1019.0,11768.0,25.0,3118.0,240.0
543,2.167373,1022.0,83979.0,35.0,2486.0,196.0
544,2.440077,1023.0,153446.0,52.0,32.0,549.0
545,2.341917,1018.0,52201.0,41.0,2684.0,378.0
546,2.9007328,1023.0,42083.0,36.0,2907.0,602.0
547,2.303593,1020.0,98167.0,52.0,2539.0,280.0
548,2.1674683,1022.0,47632.0,45.0,2822.0,593.0
549,2.315487,1021.0,69467.0,44.0,2705.0,371.0
550,2.8154116,578.0,348133.0,98.0,3191.0,1377.0
551,2.4323666,1021.0,80528.0,122.0,3.0,2396.0
552,2.190597,1023.0,26818.0,15.0,3108.0,1328.0
553,3.9993522,256.0,2074.0,2.0,3200.0,32.0
554,1.9049098,1021.0,65709.0,54.0,2642.0,335.0
555,2.8328326,990.0,140821.0,54.0,3142.0,1151.0
556,2.209334,1021.0,48023.0,67.0,3149.0,1256.0
557,3.211547,1024.0,52096.0,24.0,2718.0,289.0
558,2.9941177,368.0,205654.0,35.0,3195.0,411.0
559,2.525716,1021.0,46002.0,48.0,3098.0,970.0
560,2.2699723,1022.0,31475.0,34.0,2936.0,259.0
561,2.3008294,999.0,82917.0,81.0,0.0,2832.0
562,2.6962354,1022.0,54653.0,36.0,2857.0,588.0
563,2.2213683,955.0,177687.0,75.0,2926.0,1015.0
564,3.8407211,540.0,6325.0,4.0,3200.0,302.0
565,2.8116748,1023.0,34324.0,17.0,3017.0,469.0
566,2.8342178,816.0,285643.0,52.0,3154.0,2121.0
567,1.9379313,1022.0,20280.0,45.0,2976.0,605.0
568,2.825564,864.0,148917.0,54.0,3180.0,358.0
569,1.8984672,1000.0,102877.0,67.0,2638.0,405.0
570,2.4091427,1021.0,53447.0,67.0,3023.0,1243.0
571,1.9784013,1017.0,56058.0,112.0,3191.0,1580.0
572,2.790348,1021.0,49819.0,35.0,2780.0,539.0
573,2.1277566,1007.0,51983.0,46.0,2534.0,1723.0
574,2.795031,1023.0,58328.0,45.0,2939.0,1034.0
575,2.6033936,1024.0,29257.0,31.0,3099.0,1099.0
576,2.0311203,1023.0,23178.0,16.0,2874.0,334.0
577,2.8738558,1023.0,114028.0,51.0,2181.0,538.0
578,2.2438407,1020.0,48389.0,35.0,2791.0,454.0
579,1.8922776,1023.0,18871.0,21.0,2798.0,248.0
580,2.3554409,1023.0,19865.0,48.0,3156.0,1986.0
581,2.1041024,1022.0,32509.0,26.0,3063.0,652.0
582,2.3616354,1019.0,79303.0,45.0,2709.0,425.0
583,1.9856775,1017.0,51402.0,35.0,2814.0,352.0
584,2.7581732,1022.0,92353.0,33.0,2725.0,406.0
585,2.7802353,1023.0,41217.0,30.0,3060.0,1003.0
586,2.056213,1023.0,14114.0,15.0,2687.0,260.0
587,3.999984,256.0,2048.0,2.0,3200.0,32.0
588,2.1397247,1023.0,50463.0,38.0,2864.0,333.0
589,3.9999769,256.0,2048.0,2.0,3200.0,32.0
590,1.8860351,1003.0,50026.0,52.0,3133.0,464.0
591,2.3646128,1023.0,77164.0,58.0,2898.0,834.0
592,2.1803143,777.0,160433.0,58.0,2956.0,1069.0
593,2.3580186,1022.0,77267.0,66.0,2670.0,937.0
594,2.003122,1017.0,54519.0,64.0,2132.0,591.0
595,3.3465762,857.0,21254.0,8.0,3012.0,82.0
596,2.2718897,1004.0,27981.0,14.0,2498.0,425.0
597,2.5546699,941.0,124662.0,50.0,3186.0,1345.0
598,1.9212747,1022.0,32157.0,35.0,2692.0,343.0
599,2.4931893,1022.0,57405.0,38.0,2604.0,358.0
600,3.2691317,1018.0,178722.0,96.0,518.0,2257.0
601,3.9842706,257.0,4297.0,3.0,3200.0,34.0
602,1.9314705,1022.0,45582.0,34.0,2572.0,266.0
603,1.9713113,1019.0,81320.0,52.0,2751.0,420.0
604,2.6888294,1022.0,33746.0,20.0,2768.0,305.0
605,3.9889367,256.0,4333.0,2.0,3200.0,36.0
606,2.2766666,1024.0,35507.0,77.0,3108.0,2251.0
607,3.993008,256.0,2780.0,2.0,3200.0,33.0
608,2.5203779,915.0,149243.0,48.0,3191.0,595.0
609,2.3816752,1023.0,52355.0,28.0,3036.0,560.0
610,2.6986547,1022.0,76793.0,36.0,2975.0,1011.0
611,3.0098052,1023.0,216805.0,65.0,238.0,1103.0
612,2.730897,1023.0,38840.0,43.0,3023.0,622.0
613,2.0295055,1011.0,82396.0,75.0,2598.0,477.0
614,2.6949465,1023.0,61328.0,38.0,2842.0,467.0
615,2.4771938,1018.0,61593.0,58.0,2885.0,558.0
616,3.7773314,1024.0,76555.0,11.0,3004.0,560.0
617,2.8369734,1021.0,67885.0,42.0,2703.0,516.0
618,2.7291148,1017.0,87794.0,52.0,2940.0,1109.0
619,2.0751147,1023.0,49743.0,43.0,2568.0,265.0
620,2.062183,1017.0,83778.0,67.0,2919.0,1016.0
621,1.9502555,987.0,155278.0,76.0,2706.0,599.0
622,3.993281,256.0,3652.0,2.0,3200.0,33.0
623,2.0851367,851.0,267573.0,104.0,3142.0,1242.0
624,2.4320383,1021.0,51500.0,51.0,2928.0,1032.0
625,2.088081,1014.0,79630.0,55.0,3013.0,499.0
626,2.4030018,685.0,320636.0,86.0,3146.0,1296.0
627,2.6281817,1023.0,60636.0,22.0,2752.0,461.0
628,2.3630846,1022.0,40800.0,36.0,2941.0,561.0
629,2.8034153,1022.0,151181.0,45.0,1260.0,1429.0
630,2.1812277,1024.0,22310.0,51.0,1712.0,1290.0
631,3.0236094,448.0,241922.0,32.0,3187.0,493.0
632,2.9728503,1022.0,63243.0,29.0,2812.0,359.0
633,2.5066001,1016.0,96110.0,68.0,3081.0,1373.0
634,2.172879,1023.0,43108.0,30.0,2558.0,155.0
635,2.0744672,911.0,191353.0,80.0,2957.0,780.0
636,2.2638476,965.0,96230.0,70.0,2992.0,429.0
637,3.0391111,417.0,2239.0,2.0,1.0,36.0
638,2.504003,934.0,119728.0,48.0,3133.0,460.0
639,2.2759151,1018.0,82456.0,36.0,2687.0,357.0
640,2.871658,1022.0,81222.0,39.0,2696.0,462.0
641,2.3399704,1021.0,51761.0,50.0,2456.0,357.0
642,2.508459,881.0,106957.0,48.0,3055.0,433.0
643,3.9885998,256.0,2111.0,2.0,3200.0,32.0
644,2.4289029,1022.0,48109.0,46.0,3040.0,1182.0
645,2.7319813,1021.0,64341.0,23.0,2599.0,334.0
646,2.7891607,1020.0,53151.0,40.0,2978.0,899.0
647,2.0665495,1020.0,42512.0,32.0,2688.0,398.0
648,2.3035746,1021.0,45190.0,38.0,2747.0,721.0
649,3.2627013,434.0,51500.0,22.0,3200.0,351.0
650,2.1042933,1021.0,40114.0,26.0,2905.0,287.0
651,2.1870625,1021.0,44714.0,46.0,2808.0,420.0
652,2.8452795,1022.0,128442.0,54.0,2719.0,1443.0
653,2.6465576,898.0,337248.0,86.0,3091.0,2534.0
654,2.2712548,1023.0,26012.0,35.0,3117.0,888.0
655,2.3016448,1022.0,28533.0,40.0,2868.0,730.0
656,2.0871477,1021.0,50173.0,33.0,2745.0,333.0
657,3.1440034,697.0,10460.0,9.0,3194.0,64.0
658,2.4195158,1022.0,58025.0,51.0,2793.0,580.0
659,2.1000226,1022.0,27056.0,9.0,2749.0,234.0
660,2.1742926,1021.0,43273.0,30.0,2891.0,760.0
661,2.0321128,1020.0,40510.0,35.0,2903.0,502.0
662,2.7850919,1022.0,55240.0,27.0,2758.0,282.0
663,3.2455833,1022.0,53650.0,25.0,2907.0,675.0
664,2.4853005,1022.0,73425.0,51.0,2269.0,381.0
665,2.8061895,1022.0,76083.0,27.0,2856.0,2263.0
666,2.0099738,1021.0,43848.0,92.0,3133.0,1864.0
667,2.2186,1020.0,53073.0,42.0,2869.0,422.0
668,3.2168055,1023.0,61798.0,19.0,2822.0,281.0
669,2.393874,1003.0,101259.0,64.0,3086.0,895.0
670,3.7676647,260.0,68922.0,11.0,3200.0,104.0
671,2.465289,1017.0,59030.0,36.0,2823.0,522.0
672,2.227675,1023.0,54013.0,30.0,2844.0,417.0
673,3.669326,1024.0,88617.0,17.0,2817.0,785.0
674,2.2299907,923.0,123608.0,45.0,3094.0,367.0
675,2.637965,1023.0,88707.0,42.0,2430.0,228.0
676,1.9543512,1001.0,7584.0,13.0,223.0,1149.0
677,2.4080417,709.0,317198.0,87.0,2972.0,787.0
678,3.7685165,263.0,16677.0,4.0,3199.0,59.0
679,2.7948349,1022.0,34188.0,23.0,2935.0,941.0
680,2.2046633,1020.0,61131.0,61.0,2712.0,778.0
681,2.0030546,922.0,117169.0,44.0,3094.0,951.0
682,2.6751554,1023.0,60601.0,32.0,2614.0,283.0
683,2.4143612,484.0,187567.0,32.0,3178.0,148.0
684,2.7818987,1022.0,56595.0,38.0,2822.0,472.0
685,2.4439178,1021.0,82523.0,46.0,2784.0,489.0
686,2.064138,941.0,27882.0,31.0,187.0,1368.0
687,2.8517401,1022.0,66118.0,35.0,2707.0,417.0
688,3.6776955,1024.0,62316.0,17.0,2410.0,884.0
689,2.4968185,1021.0,64946.0,60.0,3007.0,982.0
690,2.9319828,1016.0,82334.0,29.0,3147.0,861.0
691,1.9740872,1016.0,61244.0,77.0,2649.0,548.0
692,2.6067977,1022.0,59288.0,27.0,2598.0,260.0
693,2.2924476,1020.0,52804.0,30.0,2743.0,358.0
694,1.9703392,851.0,290700.0,108.0,2913.0,845.0
695,2.2309222,1022.0,63895.0,58.0,2763.0,465.0
696,2.6582594,1022.0,69666.0,50.0,2832.0,720.0
697,2.8967214,1022.0,69200.0,37.0,2792.0,632.0
698,2.2198973,1023.0,26624.0,54.0,2974.0,1758.0
699,2.4999983,1012.0,97094.0,83.0,2940.0,1819.0
700,1.9357737,1020.0,68882.0,48.0,2413.0,259.0
701,2.0242162,907.0,174782.0,90.0,3133.0,949.0
702,3.497563,1023.0,360797.0,93.0,0.0,1508.0
703,2.1243258,1022.0,43976.0,27.0,2811.0,279.0
704,2.0003579,1023.0,55801.0,40.0,2662.0,225.0
705,1.8603479,1021.0,36634.0,19.0,2656.0,186.0
706,2.7605429,1019.0,19279.0,18.0,3189.0,1519.0
707,3.9999962,256.0,2048.0,2.0,3200.0,32.0
708,2.3762455,517.0,299924.0,49.0,3120.0,224.0
709,3.043125,1020.0,140379.0,92.0,1584.0,2453.0
710,3.2022316,1023.0,40111.0,23.0,2921.0,484.0
711,2.0825434,1018.0,73469.0,35.0,2728.0,246.0
712,2.3661523,1022.0,40781.0,20.0,2564.0,413.0
713,2.8206549,1023.0,37939.0,15.0,2976.0,327.0
714,2.1245587,1022.0,46220.0,62.0,2452.0,262.0
715,2.4374895,1020.0,49836.0,42.0,3017.0,977.0
716,2.131616,1022.0,52365.0,34.0,2473.0,260.0
717,2.8204966,282.0,446389.0,49.0,3186.0,1075.0
718,2.1882741,922.0,3665.0,8.0,2.0,77.0
719,2.7973478,1021.0,68382.0,43.0,2933.0,1080.0
720,2.4457216,1024.0,42445.0,41.0,2882.0,1255.0
721,2.1320512,1003.0,79835.0,92.0,3041.0,1001.0
722,3.9979045,256.0,2127.0,2.0,3200.0,32.0
723,2.3975272,572.0,141676.0,27.0,3077.0,103.0
724,2.8539703,1022.0,47639.0,36.0,3011.0,833.0
725,2.459903,1021.0,46745.0,54.0,2965.0,938.0
726,2.22243,944.0,233311.0,126.0,3002.0,1663.0
727,2.279254,1023.0,32744.0,23.0,2956.0,302.0
728,3.8077435,1023.0,48132.0,13.0,2987.0,671.0
729,2.0620897,1019.0,53541.0,53.0,2643.0,340.0
730,2.0952501,1017.0,47875.0,49.0,3138.0,877.0
731,3.6118767,277.0,8057.0,4.0,3193.0,146.0
732,2.7231312,1022.0,39556.0,48.0,3000.0,1774.0
733,2.8958254,1019.0,70973.0,38.0,2765.0,705.0
734,2.2097585,1020.0,49064.0,42.0,2722.0,424.0
735,2.3811605,996.0,146508.0,63.0,3092.0,574.0
736,2.1659498,1022.0,42830.0,33.0,2620.0,251.0
737,3.5718377,740.0,2986.0,3.0,3189.0,45.0
738,1.930205,1001.0,55575.0,54.0,3183.0,815.0
739,2.9027386,1022.0,16709.0,31.0,2421.0,1472.0
740,2.0521066,911.0,180523.0,77.0,2921.0,627.0
741,2.225504,1020.0,55035.0,47.0,2914.0,683.0
742,2.4060202,1021.0,54114.0,42.0,2642.0,430.0
743,1.996469,1020.0,53610.0,54.0,2877.0,1017.0
744,2.7556567,832.0,14972.0,6.0,1.0,388.0
745,2.3038325,1013.0,62906.0,53.0,2713.0,528.0
746,2.0523593,1009.0,63658.0,76.0,3098.0,987.0
747,3.8866327,267.0,4174.0,4.0,3200.0,37.0
748,2.535597,1023.0,59352.0,27.0,2905.0,365.0
749,3.951279,257.0,14225.0,4.0,3200.0,53.0
750,2.6326709,1023.0,61439.0,91.0,3035.0,3054.0
751,2.103125,1022.0,43474.0,41.0,2568.0,311.0
752,2.533416,1023.0,67473.0,55.0,2848.0,741.0
753,1.9427111,1013.0,18577.0,32.0,3169.0,843.0
754,1.9603137,1022.0,34743.0,23.0,2711.0,356.0
755,2.7532573,1022.0,60116.0,32.0,2826.0,561.0
756,2.833312,548.0,61445.0,18.0,3180.0,263.0
757,2.1069424,1023.0,28511.0,24.0,2928.0,447.0
758,2.9031665,1021.0,138090.0,40.0,352.0,2021.0
759,3.6533644,291.0,35601.0,9.0,3200.0,207.0
760,2.4151363,1021.0,74236.0,36.0,2705.0,490.0
761,2.4094746,1019.0,54481.0,33.0,2659.0,431.0
762,2.0284424,1015.0,48109.0,36.0,3160.0,405.0
763,2.7681532,1019.0,59335.0,53.0,2931.0,1643.0
764,1.8679183,1022.0,46555.0,39.0,2337.0,233.0
765,3.9984434,256.0,2216.0,2.0,3200.0,32.0
766,2.916043,1022.0,69567.0,30.0,2755.0,457.0
767,2.627395,1022.0,59300.0,65.0,3031.0,1443.0
768,2.1441343,1020.0,51099.0,39.0,2750.0,293.0
769,2.74359,1022.0,42504.0,30.0,3014.0,909.0
770,2.840582,1020.0,50689.0,34.0,2990.0,860.0
771,3.6413212,278.0,85693.0,15.0,3198.0,188.0
772,2.3198903,1022.0,41576.0,46.0,2839.0,400.0
773,2.1966548,1002.0,40708.0,41.0,3180.0,360.0
774,2.193847,909.0,145545.0,68.0,3000.0,801.0
775,3.2372758,1022.0,30878.0,28.0,3007.0,996.0
776,2.6538486,617.0,228076.0,57.0,3180.0,1007.0
777,2.8396568,1024.0,41504.0,21.0,2880.0,471.0
778,2.6549652,928.0,210443.0,75.0,4.0,1278.0
779,3.5630064,1022.0,153751.0,63.0,905.0,2869.0
780,3.9922347,257.0,2112.0,2.0,3200.0,32.0
781,2.5499756,1023.0,53269.0,48.0,2950.0,507.0
782,2.0425003,915.0,147239.0,74.0,3187.0,645.0
783,2.297536,1021.0,44183.0,26.0,2651.0,210.0
784,3.0372543,1021.0,68910.0,44.0,2857.0,804.0
785,3.1217034,1023.0,31084.0,24.0,3034.0,1789.0
786,1.9511986,1019.0,52688.0,39.0,2881.0,455.0
787,2.2144117,1023.0,6706.0,12.0,10.0,93.0
788,2.6160843,1022.0,88681.0,54.0,2503.0,648.0
789,2.217788,1022.0,42044.0,31.0,2646.0,193.0
790,3.1663382,1022.0,61898.0,26.0,2695.0,534.0
791,2.938225,1022.0,45021.0,22.0,2892.0,391.0
792,2.2354674,1023.0,33016.0,26.0,2934.0,494.0
793,2.2016895,575.0,376808.0,77.0,3088.0,1147.0
794,2.4459522,1013.0,110603.0,67.0,2505.0,882.0
795,2.9114294,1023.0,31364.0,28.0,3034.0,389.0
796,2.521601,784.0,57917.0,11.0,3189.0,661.0
797,2.823933,290.0,466665.0,73.0,3183.0,996.0
798,1.8237008,1022.0,36834.0,39.0,2636.0,403.0
799,2.8522978,752.0,17975.0,13.0,3199.0,67.0
800,2.185869,973.0,138815.0,74.0,2732.0,435.0
801,2.1433454,1012.0,42862.0,61.0,3175.0,1362.0
802,2.8167644,540.0,118175.0,22.0,3196.0,459.0
803,3.6638954,278.0,18117.0,7.0,3195.0,91.0
804,2.5628154,1021.0,45104.0,26.0,2713.0,418.0
805,3.9989827,256.0,2052.0,2.0,3200.0,32.0
806,3.3097527,621.0,106293.0,8.0,3195.0,716.0
807,2.2055042,1023.0,43331.0,84.0,3042.0,1465.0
808,2.1325462,998.0,81381.0,42.0,3172.0,1307.0
809,2.895606,1018.0,74778.0,30.0,3091.0,1522.0
810,2.6133206,508.0,269911.0,49.0,3179.0,429.0
811,2.013168,1015.0,76503.0,78.0,2979.0,1151.0
812,3.2938485,1019.0,80167.0,22.0,1720.0,2063.0
813,2.102898,1024.0,14249.0,38.0,2481.0,540.0
814,2.7810962,591.0,174938.0,27.0,3157.0,468.0
815,2.7879846,1021.0,53345.0,46.0,3167.0,2631.0
816,2.5117884,1023.0,52657.0,40.0,2747.0,391.0
817,2.028217,947.0,146803.0,100.0,2862.0,760.0
818,2.0542698,1004.0,82994.0,54.0,3074.0,1279.0
819,2.6320913,1022.0,47795.0,23.0,2620.0,185.0
820,2.8847063,1022.0,72191.0,30.0,2766.0,493.0
821,3.0367324,1023.0,67101.0,20.0,2776.0,306.0
822,2.1835904,1021.0,52257.0,26.0,2571.0,275.0
823,3.21829,349.0,2124.0,2.0,2.0,38.0
824,2.3964963,1021.0,47415.0,51.0,2761.0,690.0
825,1.9707708,989.0,20473.0,14.0,3127.0,144.0
826,3.185428,1006.0,413313.0,112.0,63.0,2809.0
827,2.0539627,1022.0,61354.0,51.0,2903.0,438.0
828,3.347022,1023.0,60865.0,21.0,2887.0,313.0
829,1.9199219,1022.0,42762.0,27.0,2602.0,186.0
830,2.1102967,948.0,9026.0,4.0,3184.0,120.0
831,2.4797845,1022.0,61922.0,50.0,2670.0,314.0
832,2.8998086,1022.0,51192.0,41.0,2754.0,524.0
833,2.55086,932.0,127658.0,60.0,2581.0,1092.0
834,2.2746055,640.0,240103.0,85.0,3114.0,774.0
835,3.6105888,1022.0,61245.0,25.0,2658.0,636.0
836,2.7204862,911.0,221103.0,51.0,3134.0,1314.0
837,3.8743303,259.0,35659.0,10.0,3200.0,130.0
838,3.2387345,1023.0,56792.0,25.0,2957.0,819.0
839,2.577495,1021.0,64995.0,36.0,2692.0,411.0
840,2.1995893,1022.0,27471.0,61.0,3165.0,1088.0
841,2.380296,1022.0,104634.0,53.0,2640.0,374.0
842,2.0990982,1013.0,83676.0,56.0,3021.0,792.0
843,3.3186936,1023.0,28046.0,40.0,3151.0,2298.0
844,1.9382149,1023.0,11673.0,60.0,3187.0,1614.0
845,2.0069742,1007.0,88824.0,60.0,2783.0,272.0
846,2.5086024,1009.0,41232.0,14.0,3114.0,1635.0
847,3.1382275,857.0,34432.0,17.0,3194.0,283.0
848,3.148904,1024.0,29346.0,35.0,2693.0,1079.0
849,2.361457,1022.0,26366.0,24.0,2646.0,421.0
850,3.9961336,256.0,2674.0,2.0,3200.0,33.0
851,1.9325659,1023.0,29456.0,22.0,2868.0,387.0
852,2.5990694,1022.0,88522.0,50.0,2812.0,846.0
853,2.1723354,1021.0,88852.0,55.0,2708.0,558.0
854,2.0751321,1018.0,67841.0,57.0,2602.0,546.0
855,3.1899295,548.0,62007.0,39.0,3200.0,354.0
856,2.3163376,1020.0,34468.0,41.0,2756.0,671.0
857,2.3476956,934.0,174654.0,70.0,2929.0,439.0
858,2.3208294,1019.0,66504.0,80.0,2940.0,1398.0
859,2.4054651,906.0,147404.0,64.0,2972.0,360.0
860,2.0640285,1020.0,65186.0,28.0,2833.0,344.0
861,2.8448782,1022.0,64278.0,27.0,2817.0,542.0
862,2.2520924,968.0,148659.0,69.0,3012.0,685.0
863,1.917825,1023.0,20104.0,9.0,2856.0,225.0
864,2.0993621,1021.0,67398.0,45.0,2751.0,422.0
865,1.9592488,1023.0,28836.0,28.0,2829.0,223.0
866,3.9608922,256.0,6397.0,3.0,3200.0,40.0
867,2.0246801,1021.0,47494.0,33.0,2625.0,237.0
868,2.751122,1018.0,51275.0,32.0,2696.0,552.0
869,3.8751402,1022.0,476847.0,139.0,0.0,2902.0
870,1.9269712,1023.0,33914.0,16.0,2550.0,248.0
871,2.0248077,1011.0,102799.0,99.0,2726.0,987.0
872,2.9723198,1024.0,44778.0,26.0,2875.0,678.0
873,2.7637506,869.0,126235.0,37.0,3169.0,427.0
874,2.801799,1023.0,43025.0,29.0,2883.0,667.0
875,2.4406188,1022.0,42946.0,29.0,2749.0,273.0
876,2.9569166,1023.0,57456.0,33.0,2765.0,516.0
877,1.8806771,1011.0,70469.0,61.0,3058.0,631.0
878,3.3595421,1023.0,38325.0,21.0,2984.0,600.0
879,2.2283988,1021.0,48748.0,65.0,2996.0,1144.0
880,2.6345563,1023.0,63459.0,36.0,2862.0,430.0
881,3.1010282,1020.0,57358.0,28.0,2782.0,605.0
882,3.6182761,1023.0,66133.0,35.0,2938.0,804.0
883,2.2819722,1022.0,83306.0,42.0,2528.0,240.0
884,1.8866475,1024.0,15366.0,70.0,3190.0,1777.0
885,1.7490602,1021.0,20891.0,23.0,2443.0,118.0
886,2.6006749,637.0,245378.0,55.0,3190.0,1485.0
887,2.01567,1022.0,53883.0,37.0,2468.0,236.0
888,2.3841035,1021.0,101393.0,68.0,3105.0,2572.0
889,2.7177856,1022.0,66947.0,37.0,2680.0,323.0
890,2.755951,1023.0,45433.0,26.0,3034.0,549.0
891,2.1255877,1022.0,77951.0,46.0,2505.0,245.0
892,2.0729432,1022.0,78290.0,56.0,2565.0,315.0
893,2.0131462,995.0,59220.0,37.0,3107.0,687.0
894,3.5391495,1021.0,218238.0,136.0,900.0,2627.0
895,2.4066026,1022.0,34973.0,45.0,3040.0,801.0
896,3.3949664,279.0,368167.0,32.0,3192.0,649.0
897,2.7732072,1022.0,47944.0,24.0,2917.0,397.0
898,2.0180516,1014.0,37380.0,39.0,2956.0,600.0
899,3.3391192,1023.0,62303.0,26.0,2989.0,1186.0
900,1.9774485,1022.0,35270.0,30.0,2841.0,501.0
901,2.27753,1017.0,50098.0,55.0,2965.0,813.0
902,2.2437408,876.0,95413.0,40.0,3055.0,265.0
903,2.9047775,1022.0,41374.0,20.0,2757.0,375.0
904,3.9890544,256.0,2651.0,2.0,3200.0,32.0
905,2.4552524,965.0,63262.0,71.0,32.0,1915.0
906,2.5460494,724.0,186404.0,47.0,3073.0,194.0
907,1.8899558,1022.0,20265.0,19.0,2760.0,552.0
908,3.9661436,256.0,2076.0,2.0,3200.0,34.0
909,2.034871,997.0,135943.0,74.0,2560.0,344.0
910,2.5762115,792.0,194047.0,76.0,3103.0,624.0
911,3.9999058,256.0,2049.0,2.0,3200.0,32.0
912,2.0413032,1015.0,101695.0,64.0,2477.0,347.0
913,2.1171484,994.0,92872.0,58.0,3110.0,1382.0
914,2.08819,1014.0,79074.0,67.0,2473.0,517.0
915,3.997685,256.0,2060.0,2.0,3200.0,32.0
916,2.4192245,1018.0,66333.0,64.0,3001.0,833.0
917,2.428667,1020.0,58723.0,47.0,3007.0,650.0
918,2.1362355,1018.0,88870.0,54.0,0.0,1067.0
919,2.7325885,1021.0,84720.0,67.0,2872.0,679.0
920,2.3043213,1022.0,55310.0,62.0,2844.0,698.0
921,2.7925863,1023.0,87764.0,32.0,2665.0,282.0
922,2.6175218,1023.0,79156.0,27.0,2537.0,190.0
923,2.7157242,1021.0,30966.0,27.0,2923.0,819.0
924,3.3801496,1023.0,24165.0,13.0,455.0,996.0
925,2.0380921,1023.0,33756.0,30.0,2848.0,444.0
926,2.345699,1016.0,73218.0,56.0,2752.0,633.0
927,3.9917169,256.0,2229.0,2.0,3200.0,33.0
928,2.9074388,1022.0,25650.0,18.0,2798.0,653.0
929,2.427986,1021.0,48842.0,31.0,2563.0,257.0
930,2.6623194,1021.0,77297.0,49.0,2610.0,304.0
931,1.9287305,1022.0,36046.0,17.0,2722.0,294.0
932,2.276719,1021.0,44619.0,35.0,2732.0,377.0
933,2.7023642,1016.0,101584.0,64.0,3088.0,1721.0
934,1.8382852,1023.0,38186.0,23.0,2973.0,362.0
935,1.7575362,1023.0,10646.0,20.0,2921.0,634.0
936,2.0360553,1023.0,29854.0,28.0,2703.0,253.0
937,2.4968772,1017.0,59412.0,55.0,2630.0,674.0
938,2.1996686,995.0,10828.0,13.0,1600.0,572.0
939,2.7614782,566.0,363408.0,84.0,3189.0,947.0
940,2.0174189,1008.0,97749.0,76.0,2618.0,385.0
941,1.8959837,1022.0,33383.0,39.0,2801.0,409.0
942,2.5260985,1012.0,67126.0,41.0,2862.0,640.0
943,3.9999852,256.0,2048.0,2.0,3200.0,32.0
944,2.0045526,1020.0,51145.0,60.0,2634.0,405.0
945,1.9292837,1016.0,56689.0,51.0,2497.0,353.0
946,2.8442655,1023.0,26930.0,25.0,2999.0,559.0
947,2.1180224,1023.0,52518.0,24.0,2659.0,168.0
948,2.1143494,1019.0,91189.0,38.0,2591.0,284.0
949,1.877488,1023.0,42399.0,41.0,2462.0,179.0
950,3.2822733,1023.0,21373.0,24.0,3096.0,781.0
951,2.2200508,1022.0,42967.0,49.0,2957.0,794.0
952,1.9710323,1022.0,45166.0,40.0,2902.0,545.0
953,3.4805532,1024.0,60840.0,23.0,3028.0,820.0
954,3.4984634,272.0,272449.0,39.0,3200.0,1477.0
955,2.2090805,1001.0,71251.0,47.0,2836.0,661.0
956,2.062829,1019.0,58876.0,55.0,2749.0,515.0
957,2.0650082,1018.0,76982.0,64.0,2576.0,614.0
958,2.05823,1022.0,51779.0,57.0,2942.0,634.0
959,1.9065422,1022.0,16031.0,28.0,3174.0,1404.0
960,3.8964612,300.0,2164.0,2.0,3200.0,35.0
961,2.9297025,456.0,327576.0,39.0,3194.0,1615.0
962,2.7828805,1022.0,84879.0,30.0,2607.0,489.0
963,2.1522946,1023.0,57000.0,93.0,2947.0,1941.0
964,3.0635023,1022.0,81976.0,36.0,2497.0,347.0
965,2.3531532,1021.0,44830.0,48.0,2897.0,743.0
966,2.6369472,347.0,163181.0,29.0,3198.0,513.0
967,1.9385488,1023.0,22120.0,29.0,3079.0,838.0
968,3.907353,256.0,20812.0,4.0,3200.0,41.0
969,2.487923,1022.0,50460.0,29.0,2880.0,507.0
970,2.6450338,968.0,9076.0,19.0,3194.0,357.0
971,3.7470706,268.0,28620.0,10.0,3200.0,167.0
972,2.591499,1005.0,95287.0,54.0,0.0,1621.0
973,1.9094751,1021.0,31705.0,31.0,2975.0,389.0
974,2.3757617,1019.0,54692.0,30.0,2718.0,530.0
975,2.213773,913.0,175484.0,73.0,3190.0,922.0
976,2.4928155,1023.0,50366.0,47.0,2868.0,792.0
977,3.998928,256.0,2050.0,2.0,3200.0,32.0
978,2.189825,1022.0,47618.0,25.0,2591.0,270.0
979,2.4719076,1023.0,27877.0,26.0,2722.0,200.0
980,2.172841,1012.0,83960.0,70.0,2748.0,748.0
981,2.2731714,1022.0,48570.0,15.0,2588.0,205.0
982,3.2451262,1024.0,19048.0,20.0,2657.0,976.0
983,2.5026994,1023.0,43203.0,18.0,2806.0,270.0
984,2.0713162,1021.0,65439.0,62.0,2836.0,741.0
985,2.092363,1018.0,88136.0,100.0,2975.0,1052.0
986,3.9951935,256.0,2325.0,2.0,3200.0,33.0
987,3.0350618,540.0,4890.0,3.0,3200.0,53.0
988,2.2595737,1021.0,30360.0,39.0,2890.0,625.0
989,2.615649,1021.0,91400.0,54.0,2619.0,538.0
990,2.1052222,1022.0,31748.0,16.0,2959.0,420.0
991,2.513285,1020.0,66208.0,57.0,2835.0,693.0
992,2.7025294,803.0,5576.0,4.0,3199.0,39.0
993,2.9189472,1024.0,56550.0,104.0,1779.0,2691.0
994,2.3062441,1021.0,48700.0,54.0,2880.0,486.0
995,2.1423688,1022.0,29991.0,47.0,2936.0,972.0
996,2.527781,1022.0,70304.0,45.0,2712.0,373.0
997,2.5215828,923.0,182686.0,52.0,3163.0,1244.0
998,2.293576,1022.0,50417.0,21.0,2667.0,265.0
999,1.9505924,1022.0,23920.0,37.0,3031.0,933.0
